full_date,used_in_training
2024-01-02 00:13:14,True
2024-01-02 00:28:50,True
2024-01-02 00:35:47,True
2024-01-02 01:04:55,True
2024-01-02 01:20:19,True
2024-01-02 01:39:53,True
2024-01-02 01:41:03,True
2024-01-02 02:21:33,True
2024-01-02 02:29:16,True
2024-01-02 02:30:18,True
2024-01-02 03:47:02,True
2024-01-02 03:54:56,True
2024-01-02 04:04:52,True
2024-01-02 04:07:11,True
2024-01-02 04:43:29,True
2024-01-02 04:52:59,True
2024-01-02 05:11:31,True
2024-01-02 05:20:10,True
2024-01-02 05:24:52,True
2024-01-02 06:07:56,True
2024-01-02 06:24:25,True
2024-01-02 06:31:29,True
2024-01-02 06:39:40,True
2024-01-02 06:47:40,True
2024-01-02 06:56:17,True
2024-01-02 08:04:07,True
2024-01-02 08:23:28,True
2024-01-02 08:26:05,True
2024-01-02 08:30:52,True
2024-01-02 08:59:25,True
2024-01-02 09:15:54,True
2024-01-02 09:34:38,True
2024-01-02 09:40:57,True
2024-01-02 10:43:09,True
2024-01-02 11:36:44,True
2024-01-02 11:51:02,True
2024-01-02 12:15:38,True
2024-01-02 12:55:38,True
2024-01-02 12:59:51,True
2024-01-02 13:02:05,True
2024-01-02 13:06:09,True
2024-01-02 13:39:57,True
2024-01-02 13:55:04,True
2024-01-02 14:00:16,True
2024-01-02 14:24:12,True
2024-01-02 14:32:05,True
2024-01-02 14:50:28,True
2024-01-02 14:58:59,True
2024-01-02 15:07:09,True
2024-01-02 15:17:06,True
2024-01-02 15:25:28,True
2024-01-02 15:50:57,True
2024-01-02 15:57:13,True
2024-01-02 16:25:54,True
2024-01-02 16:28:09,True
2024-01-02 16:30:10,True
2024-01-02 16:31:37,True
2024-01-02 16:32:52,True
2024-01-02 16:40:50,True
2024-01-02 16:46:51,True
2024-01-02 17:44:50,True
2024-01-02 17:56:59,True
2024-01-02 18:39:58,True
2024-01-02 18:41:01,True
2024-01-02 18:55:03,True
2024-01-02 19:01:21,True
2024-01-02 19:40:48,True
2024-01-02 20:08:36,True
2024-01-02 20:10:52,True
2024-01-02 20:11:22,True
2024-01-02 20:36:24,True
2024-01-02 20:47:50,True
2024-01-02 21:09:57,True
2024-01-02 21:17:56,True
2024-01-02 21:32:21,True
2024-01-02 21:44:25,True
2024-01-02 22:06:07,True
2024-01-02 22:12:30,True
2024-01-02 22:23:20,True
2024-01-02 22:26:35,True
2024-01-02 22:34:53,True
2024-01-02 22:43:51,True
2024-01-02 22:50:58,True
2024-01-02 23:01:19,True
2024-01-02 23:04:12,True
2024-01-02 23:30:56,True
2024-01-02 23:37:29,True
2024-01-02 23:53:18,True
2024-01-02 23:59:32,True
2024-01-03 00:44:04,True
2024-01-03 00:59:17,True
2024-01-03 01:06:57,True
2024-01-03 01:18:55,True
2024-01-03 01:21:26,True
2024-01-03 02:21:30,True
2024-01-03 02:35:18,True
2024-01-03 02:39:42,True
2024-01-03 02:43:56,True
2024-01-03 02:44:43,True
2024-01-03 02:53:42,True
2024-01-03 03:01:42,True
2024-01-03 03:56:44,True
2024-01-03 04:21:29,True
2024-01-03 05:33:08,True
2024-01-03 05:33:45,True
2024-01-03 05:42:47,True
2024-01-03 05:46:35,True
2024-01-03 05:48:12,True
2024-01-03 05:55:57,True
2024-01-03 05:56:34,True
2024-01-03 06:00:35,True
2024-01-03 06:01:47,True
2024-01-03 06:14:22,True
2024-01-03 07:02:47,True
2024-01-03 07:14:07,True
2024-01-03 07:14:14,True
2024-01-03 07:18:15,True
2024-01-03 07:26:23,True
2024-01-03 08:24:28,True
2024-01-03 08:50:06,True
2024-01-03 08:53:23,True
2024-01-03 08:57:43,True
2024-01-03 10:21:37,True
2024-01-03 10:57:08,True
2024-01-03 10:58:57,True
2024-01-03 11:13:05,True
2024-01-03 11:18:41,True
2024-01-03 11:23:49,True
2024-01-03 11:27:13,True
2024-01-03 11:41:47,True
2024-01-03 11:50:33,True
2024-01-03 12:05:57,True
2024-01-03 12:14:58,True
2024-01-03 12:47:03,True
2024-01-03 12:51:33,True
2024-01-03 12:51:46,True
2024-01-03 12:56:53,True
2024-01-03 13:22:58,True
2024-01-03 13:25:22,True
2024-01-03 13:35:46,True
2024-01-03 14:23:22,True
2024-01-03 14:53:36,True
2024-01-03 14:55:43,True
2024-01-03 14:57:01,True
2024-01-03 15:34:20,True
2024-01-03 16:15:28,True
2024-01-03 16:34:19,True
2024-01-03 16:38:21,True
2024-01-03 16:49:26,True
2024-01-03 16:54:10,True
2024-01-03 16:56:27,True
2024-01-03 16:57:38,True
2024-01-03 17:09:02,True
2024-01-03 17:22:22,True
2024-01-03 17:43:56,True
2024-01-03 18:02:57,True
2024-01-03 18:09:52,True
2024-01-03 19:14:05,True
2024-01-03 19:24:44,True
2024-01-03 20:13:59,True
2024-01-03 20:14:39,True
2024-01-03 20:21:32,True
2024-01-03 20:24:11,True
2024-01-03 20:30:38,True
2024-01-03 21:11:41,True
2024-01-03 22:30:03,True
2024-01-03 22:30:28,True
2024-01-03 22:35:47,True
2024-01-03 22:39:03,True
2024-01-03 22:52:45,True
2024-01-03 23:02:54,True
2024-01-03 23:11:18,True
2024-01-03 23:22:38,True
2024-01-03 23:25:44,True
2024-01-03 23:36:43,True
2024-01-03 23:38:02,True
2024-01-03 23:47:35,True
2024-01-03 23:50:21,True
2024-01-03 23:55:38,True
2024-01-04 00:06:55,True
2024-01-04 00:08:36,True
2024-01-04 00:15:59,True
2024-01-04 00:20:40,True
2024-01-04 00:51:53,True
2024-01-04 00:55:23,True
2024-01-04 00:58:27,True
2024-01-04 01:14:00,True
2024-01-04 01:41:28,True
2024-01-04 01:46:02,True
2024-01-04 02:12:17,True
2024-01-04 02:13:53,True
2024-01-04 02:28:49,True
2024-01-04 02:44:17,True
2024-01-04 02:56:24,True
2024-01-04 02:59:05,True
2024-01-04 03:07:32,True
2024-01-04 03:10:54,True
2024-01-04 03:37:06,True
2024-01-04 03:53:12,True
2024-01-04 04:01:44,True
2024-01-04 04:03:00,True
2024-01-04 04:03:46,True
2024-01-04 04:11:41,True
2024-01-04 04:37:33,True
2024-01-04 04:59:03,True
2024-01-04 05:01:46,True
2024-01-04 05:04:02,True
2024-01-04 06:21:14,True
2024-01-04 06:22:29,True
2024-01-04 06:34:37,True
2024-01-04 06:45:21,True
2024-01-04 07:01:33,True
2024-01-04 07:06:43,True
2024-01-04 07:12:31,True
2024-01-04 07:30:42,True
2024-01-04 07:45:48,True
2024-01-04 07:55:51,True
2024-01-04 08:16:39,True
2024-01-04 08:43:48,True
2024-01-04 08:57:39,True
2024-01-04 09:04:43,True
2024-01-04 09:36:22,True
2024-01-04 09:43:48,True
2024-01-04 09:48:24,True
2024-01-04 10:03:05,True
2024-01-04 10:07:12,True
2024-01-04 10:28:53,True
2024-01-04 11:00:04,True
2024-01-04 11:03:05,True
2024-01-04 11:20:49,True
2024-01-04 11:23:37,True
2024-01-04 11:49:08,True
2024-01-04 12:04:05,True
2024-01-04 12:43:59,True
2024-01-04 12:47:43,True
2024-01-04 13:39:18,True
2024-01-04 14:10:51,True
2024-01-04 14:20:24,True
2024-01-04 14:39:49,True
2024-01-04 14:49:12,True
2024-01-04 14:55:40,True
2024-01-04 15:03:31,True
2024-01-04 15:17:40,True
2024-01-04 15:25:10,True
2024-01-04 15:50:15,True
2024-01-04 15:54:34,True
2024-01-04 16:16:08,True
2024-01-04 16:48:25,True
2024-01-04 17:10:20,True
2024-01-04 17:15:27,True
2024-01-04 17:16:10,True
2024-01-04 17:19:02,True
2024-01-04 17:29:36,True
2024-01-04 17:42:57,True
2024-01-04 17:54:38,True
2024-01-04 18:00:44,True
2024-01-04 18:03:23,True
2024-01-04 18:16:44,True
2024-01-04 18:18:20,True
2024-01-04 18:19:33,True
2024-01-04 18:38:01,True
2024-01-04 18:50:54,True
2024-01-04 19:00:17,True
2024-01-04 19:07:58,True
2024-01-04 19:13:58,True
2024-01-04 19:38:59,True
2024-01-04 19:39:23,True
2024-01-04 19:44:07,True
2024-01-04 20:11:55,True
2024-01-04 20:16:06,True
2024-01-04 20:27:36,True
2024-01-04 21:11:01,True
2024-01-04 21:24:47,True
2024-01-04 21:29:07,True
2024-01-04 21:56:23,True
2024-01-04 21:59:57,True
2024-01-04 22:06:46,True
2024-01-04 22:17:16,True
2024-01-04 22:23:12,True
2024-01-04 22:26:34,True
2024-01-04 22:42:09,True
2024-01-04 23:14:27,True
2024-01-04 23:28:06,True
2024-01-05 00:11:59,True
2024-01-05 00:17:31,True
2024-01-05 00:30:03,True
2024-01-05 00:42:32,True
2024-01-05 00:57:18,True
2024-01-05 01:00:01,True
2024-01-05 01:09:46,True
2024-01-05 01:18:29,True
2024-01-05 01:21:00,True
2024-01-05 01:23:16,True
2024-01-05 01:23:57,True
2024-01-05 01:24:52,True
2024-01-05 01:27:53,True
2024-01-05 01:31:29,True
2024-01-05 01:36:58,True
2024-01-05 02:04:31,True
2024-01-05 02:11:43,True
2024-01-05 02:18:15,True
2024-01-05 02:26:26,True
2024-01-05 02:30:52,True
2024-01-05 02:48:53,True
2024-01-05 02:57:12,True
2024-01-05 03:31:55,True
2024-01-05 03:35:47,True
2024-01-05 04:02:15,True
2024-01-05 04:09:53,True
2024-01-05 04:26:33,True
2024-01-05 04:42:16,True
2024-01-05 05:39:30,True
2024-01-05 05:56:52,True
2024-01-05 06:21:12,True
2024-01-05 06:31:19,True
2024-01-05 07:03:27,True
2024-01-05 07:08:38,True
2024-01-05 07:46:26,True
2024-01-05 07:50:33,True
2024-01-05 08:29:50,True
2024-01-05 08:32:15,True
2024-01-05 08:56:33,True
2024-01-05 09:06:13,True
2024-01-05 09:22:16,True
2024-01-05 09:34:26,True
2024-01-05 09:51:13,True
2024-01-05 09:51:23,True
2024-01-05 09:59:09,True
2024-01-05 10:03:07,True
2024-01-05 10:32:43,True
2024-01-05 10:34:29,True
2024-01-05 10:38:16,True
2024-01-05 10:43:53,True
2024-01-05 10:51:34,True
2024-01-05 11:19:34,True
2024-01-05 12:01:54,True
2024-01-05 12:06:18,True
2024-01-05 12:20:53,True
2024-01-05 12:40:11,True
2024-01-05 12:46:56,True
2024-01-05 12:51:14,True
2024-01-05 13:46:09,True
2024-01-05 14:05:16,True
2024-01-05 14:06:12,True
2024-01-05 14:21:47,True
2024-01-05 14:36:03,True
2024-01-05 14:37:44,True
2024-01-05 14:48:09,True
2024-01-05 14:48:40,True
2024-01-05 15:00:52,True
2024-01-05 15:03:26,True
2024-01-05 15:09:22,True
2024-01-05 15:25:13,True
2024-01-05 15:27:02,True
2024-01-05 15:50:27,True
2024-01-05 15:56:41,True
2024-01-05 16:03:36,True
2024-01-05 16:12:21,True
2024-01-05 16:15:51,True
2024-01-05 16:23:56,True
2024-01-05 16:58:08,True
2024-01-05 17:05:57,True
2024-01-05 17:11:20,True
2024-01-05 17:13:55,True
2024-01-05 17:36:57,True
2024-01-05 17:48:29,True
2024-01-05 17:58:47,True
2024-01-05 18:32:58,True
2024-01-05 18:39:43,True
2024-01-05 18:59:47,True
2024-01-05 19:22:11,True
2024-01-05 19:22:27,True
2024-01-05 19:43:19,True
2024-01-05 20:29:42,True
2024-01-05 20:39:11,True
2024-01-05 20:55:32,True
2024-01-05 20:58:01,True
2024-01-05 21:07:59,True
2024-01-05 21:30:21,True
2024-01-05 21:46:57,True
2024-01-05 21:50:10,True
2024-01-05 21:50:15,True
2024-01-05 21:56:46,True
2024-01-05 22:11:31,True
2024-01-05 23:13:01,True
2024-01-05 23:16:48,True
2024-01-05 23:36:45,True
2024-01-05 23:46:13,True
2024-01-05 23:59:24,True
2024-01-06 00:09:24,True
2024-01-06 00:30:49,True
2024-01-06 00:47:09,True
2024-01-06 00:59:20,True
2024-01-06 01:02:14,True
2024-01-06 01:11:53,True
2024-01-06 01:58:21,True
2024-01-06 02:24:08,True
2024-01-06 02:39:48,True
2024-01-06 02:41:24,True
2024-01-06 03:23:12,True
2024-01-06 03:27:11,True
2024-01-06 03:32:12,True
2024-01-06 03:34:00,True
2024-01-06 03:58:28,True
2024-01-06 04:07:55,True
2024-01-06 05:04:46,True
2024-01-06 05:08:17,True
2024-01-06 05:39:59,True
2024-01-06 06:03:28,True
2024-01-06 06:15:47,True
2024-01-06 06:30:48,True
2024-01-06 06:39:30,True
2024-01-06 06:54:36,True
2024-01-06 08:00:43,True
2024-01-06 08:02:19,True
2024-01-06 08:05:47,True
2024-01-06 08:29:22,True
2024-01-06 08:30:25,True
2024-01-06 08:44:23,True
2024-01-06 09:15:33,True
2024-01-06 09:29:18,True
2024-01-06 09:33:27,True
2024-01-06 09:41:38,True
2024-01-06 09:48:26,True
2024-01-06 09:52:35,True
2024-01-06 09:55:47,True
2024-01-06 10:16:44,True
2024-01-06 10:23:30,True
2024-01-06 10:26:24,True
2024-01-06 10:26:29,True
2024-01-06 10:26:30,True
2024-01-06 10:34:00,True
2024-01-06 10:48:04,True
2024-01-06 10:54:38,True
2024-01-06 11:11:16,True
2024-01-06 11:18:06,True
2024-01-06 11:36:24,True
2024-01-06 11:50:07,True
2024-01-06 12:04:45,True
2024-01-06 12:04:48,True
2024-01-06 12:14:28,True
2024-01-06 12:31:31,True
2024-01-06 12:34:14,True
2024-01-06 13:41:09,True
2024-01-06 13:49:17,True
2024-01-06 14:20:38,True
2024-01-06 14:21:06,True
2024-01-06 14:25:04,True
2024-01-06 14:28:45,True
2024-01-06 14:55:37,True
2024-01-06 15:16:57,True
2024-01-06 15:32:43,True
2024-01-06 16:10:01,True
2024-01-06 16:41:25,True
2024-01-06 16:50:04,True
2024-01-06 17:22:38,True
2024-01-06 17:35:09,True
2024-01-06 17:39:18,True
2024-01-06 17:46:00,True
2024-01-06 18:03:38,True
2024-01-06 18:15:45,True
2024-01-06 18:21:07,True
2024-01-06 18:22:14,True
2024-01-06 18:40:30,True
2024-01-06 19:04:28,True
2024-01-06 19:06:23,True
2024-01-06 19:17:20,True
2024-01-06 19:23:49,True
2024-01-06 19:53:15,True
2024-01-06 20:11:30,True
2024-01-06 20:15:56,True
2024-01-06 20:30:59,True
2024-01-06 20:31:15,True
2024-01-06 20:35:01,True
2024-01-06 20:39:04,True
2024-01-06 21:02:12,True
2024-01-06 21:05:11,True
2024-01-06 21:15:51,True
2024-01-06 21:18:54,True
2024-01-06 21:39:55,True
2024-01-06 21:58:09,True
2024-01-06 22:49:52,True
2024-01-06 23:14:04,True
2024-01-06 23:28:24,True
2024-01-06 23:31:41,True
2024-01-06 23:47:08,True
2024-01-07 00:03:15,True
2024-01-07 00:06:12,True
2024-01-07 00:11:37,True
2024-01-07 00:13:54,True
2024-01-07 00:30:49,True
2024-01-07 00:32:59,True
2024-01-07 00:46:30,True
2024-01-07 01:27:15,True
2024-01-07 01:40:42,True
2024-01-07 01:48:14,True
2024-01-07 01:52:15,True
2024-01-07 02:01:48,True
2024-01-07 02:16:08,True
2024-01-07 02:57:16,True
2024-01-07 03:00:02,True
2024-01-07 04:12:20,True
2024-01-07 04:12:21,True
2024-01-07 04:35:12,True
2024-01-07 04:47:47,True
2024-01-07 05:09:04,True
2024-01-07 05:12:11,True
2024-01-07 05:13:37,True
2024-01-07 05:26:27,True
2024-01-07 06:04:17,True
2024-01-07 06:31:04,True
2024-01-07 07:04:16,True
2024-01-07 07:08:21,True
2024-01-07 07:30:31,True
2024-01-07 08:02:44,True
2024-01-07 08:11:39,True
2024-01-07 08:13:22,True
2024-01-07 08:16:08,True
2024-01-07 08:28:51,True
2024-01-07 08:43:34,True
2024-01-07 08:44:16,True
2024-01-07 08:47:14,True
2024-01-07 08:54:32,True
2024-01-07 09:08:52,True
2024-01-07 09:18:57,True
2024-01-07 09:28:47,True
2024-01-07 09:41:24,True
2024-01-07 09:55:52,True
2024-01-07 10:00:02,True
2024-01-07 10:29:51,True
2024-01-07 10:47:13,True
2024-01-07 11:01:52,True
2024-01-07 11:02:21,True
2024-01-07 11:25:09,True
2024-01-07 12:00:43,True
2024-01-07 12:07:48,True
2024-01-07 12:28:47,True
2024-01-07 12:38:46,True
2024-01-07 13:55:35,True
2024-01-07 14:01:28,True
2024-01-07 14:04:28,True
2024-01-07 14:10:25,True
2024-01-07 14:23:44,True
2024-01-07 15:14:11,True
2024-01-07 15:18:15,True
2024-01-07 15:27:43,True
2024-01-07 15:30:40,True
2024-01-07 16:00:21,True
2024-01-07 16:01:05,True
2024-01-07 16:04:19,True
2024-01-07 16:20:20,True
2024-01-07 16:24:41,True
2024-01-07 16:33:24,True
2024-01-07 17:13:05,True
2024-01-07 17:14:56,True
2024-01-07 17:24:24,True
2024-01-07 17:35:47,True
2024-01-07 17:43:54,True
2024-01-07 17:57:36,True
2024-01-07 18:03:15,True
2024-01-07 18:06:14,True
2024-01-07 18:17:00,True
2024-01-07 18:21:53,True
2024-01-07 18:33:26,True
2024-01-07 18:43:58,True
2024-01-07 18:46:24,True
2024-01-07 18:47:27,True
2024-01-07 19:05:39,True
2024-01-07 19:50:36,True
2024-01-07 20:08:14,True
2024-01-07 20:10:22,True
2024-01-07 20:34:38,True
2024-01-07 20:43:53,True
2024-01-07 20:44:40,True
2024-01-07 20:47:55,True
2024-01-07 21:11:08,True
2024-01-07 21:14:21,True
2024-01-07 21:37:10,True
2024-01-07 21:42:09,True
2024-01-07 21:44:05,True
2024-01-07 21:48:19,True
2024-01-07 22:10:30,True
2024-01-07 22:29:26,True
2024-01-07 22:43:05,True
2024-01-07 22:56:48,True
2024-01-07 23:02:35,True
2024-01-07 23:10:38,True
2024-01-07 23:22:05,True
2024-01-07 23:33:42,True
2024-01-07 23:38:45,True
2024-01-07 23:40:41,True
2024-01-07 23:50:44,True
2024-01-07 23:57:39,True
2024-01-08 00:18:06,True
2024-01-08 00:18:30,True
2024-01-08 00:21:53,True
2024-01-08 00:42:37,True
2024-01-08 01:22:43,True
2024-01-08 01:40:46,True
2024-01-08 02:09:42,True
2024-01-08 02:18:29,True
2024-01-08 02:26:11,True
2024-01-08 02:42:45,True
2024-01-08 02:56:10,True
2024-01-08 03:02:18,True
2024-01-08 03:07:24,True
2024-01-08 03:12:47,True
2024-01-08 03:40:45,True
2024-01-08 04:06:42,True
2024-01-08 04:15:08,True
2024-01-08 04:30:30,True
2024-01-08 04:38:19,True
2024-01-08 04:58:08,True
2024-01-08 05:27:34,True
2024-01-08 05:52:33,True
2024-01-08 06:37:04,True
2024-01-08 06:38:46,True
2024-01-08 06:40:26,True
2024-01-08 06:41:49,True
2024-01-08 06:58:05,True
2024-01-08 07:09:31,True
2024-01-08 07:14:00,True
2024-01-08 07:23:48,True
2024-01-08 07:53:03,True
2024-01-08 07:54:53,True
2024-01-08 08:02:56,True
2024-01-08 08:07:31,True
2024-01-08 08:13:12,True
2024-01-08 08:31:34,True
2024-01-08 08:38:36,True
2024-01-08 09:03:39,True
2024-01-08 09:18:19,True
2024-01-08 09:59:50,True
2024-01-08 10:35:40,True
2024-01-08 10:39:44,True
2024-01-08 11:12:58,True
2024-01-08 11:18:52,True
2024-01-08 11:41:15,True
2024-01-08 11:43:00,True
2024-01-08 12:09:50,True
2024-01-08 12:11:26,True
2024-01-08 12:22:01,True
2024-01-08 12:26:57,True
2024-01-08 12:32:25,True
2024-01-08 12:33:32,True
2024-01-08 12:33:59,True
2024-01-08 12:34:39,True
2024-01-08 12:46:35,True
2024-01-08 12:49:15,True
2024-01-08 12:53:11,True
2024-01-08 12:58:11,True
2024-01-08 13:00:21,True
2024-01-08 13:04:11,True
2024-01-08 13:19:42,True
2024-01-08 13:35:29,True
2024-01-08 13:37:34,True
2024-01-08 14:03:56,True
2024-01-08 14:49:57,True
2024-01-08 14:51:27,True
2024-01-08 15:01:37,True
2024-01-08 15:37:14,True
2024-01-08 15:37:22,True
2024-01-08 15:42:17,True
2024-01-08 16:01:33,True
2024-01-08 16:06:24,True
2024-01-08 16:10:44,True
2024-01-08 16:11:17,True
2024-01-08 16:14:54,True
2024-01-08 16:37:42,True
2024-01-08 17:22:07,True
2024-01-08 17:28:00,True
2024-01-08 17:40:50,True
2024-01-08 17:41:52,True
2024-01-08 18:07:49,True
2024-01-08 18:34:51,True
2024-01-08 19:06:26,True
2024-01-08 19:28:34,True
2024-01-08 19:53:38,True
2024-01-08 20:05:31,True
2024-01-08 20:13:06,True
2024-01-08 21:11:49,True
2024-01-08 21:15:40,True
2024-01-08 21:32:05,True
2024-01-08 21:32:32,True
2024-01-08 21:40:07,True
2024-01-08 21:44:46,True
2024-01-08 21:51:23,True
2024-01-08 21:58:22,True
2024-01-08 22:00:17,True
2024-01-08 22:06:51,True
2024-01-08 22:12:38,True
2024-01-08 22:20:57,True
2024-01-08 22:24:05,True
2024-01-08 22:31:43,True
2024-01-08 22:55:53,True
2024-01-08 22:56:32,True
2024-01-08 23:07:53,True
2024-01-08 23:23:52,True
2024-01-08 23:41:53,True
2024-01-09 00:32:14,True
2024-01-09 00:35:19,True
2024-01-09 00:35:20,True
2024-01-09 00:36:54,True
2024-01-09 00:37:00,True
2024-01-09 01:18:02,True
2024-01-09 01:41:40,True
2024-01-09 01:42:44,True
2024-01-09 01:46:42,True
2024-01-09 01:50:38,True
2024-01-09 01:54:48,True
2024-01-09 03:16:45,True
2024-01-09 03:17:33,True
2024-01-09 03:53:22,True
2024-01-09 04:26:35,True
2024-01-09 04:28:17,True
2024-01-09 05:08:16,True
2024-01-09 05:27:33,True
2024-01-09 05:57:25,True
2024-01-09 06:03:02,True
2024-01-09 06:06:16,True
2024-01-09 06:09:57,True
2024-01-09 06:14:49,True
2024-01-09 06:34:08,True
2024-01-09 06:46:26,True
2024-01-09 06:49:48,True
2024-01-09 06:54:16,True
2024-01-09 07:22:26,True
2024-01-09 07:32:54,True
2024-01-09 07:38:09,True
2024-01-09 07:40:32,True
2024-01-09 07:42:06,True
2024-01-09 08:43:20,True
2024-01-09 09:15:13,True
2024-01-09 09:17:51,True
2024-01-09 09:21:04,True
2024-01-09 09:34:51,True
2024-01-09 09:37:59,True
2024-01-09 10:07:23,True
2024-01-09 10:18:10,True
2024-01-09 11:12:43,True
2024-01-09 11:16:41,True
2024-01-09 11:35:30,True
2024-01-09 11:39:16,True
2024-01-09 11:47:46,True
2024-01-09 12:44:14,True
2024-01-09 12:47:32,True
2024-01-09 12:48:23,True
2024-01-09 13:26:10,True
2024-01-09 13:28:23,True
2024-01-09 13:46:45,True
2024-01-09 14:10:55,True
2024-01-09 14:25:04,True
2024-01-09 15:12:46,True
2024-01-09 15:27:36,True
2024-01-09 15:31:26,True
2024-01-09 15:40:11,True
2024-01-09 16:20:00,True
2024-01-09 16:24:23,True
2024-01-09 16:55:32,True
2024-01-09 16:59:50,True
2024-01-09 17:17:13,True
2024-01-09 17:25:58,True
2024-01-09 17:30:14,True
2024-01-09 17:32:04,True
2024-01-09 17:36:31,True
2024-01-09 17:38:39,True
2024-01-09 17:53:57,True
2024-01-09 17:54:47,True
2024-01-09 18:04:44,True
2024-01-09 18:57:03,True
2024-01-09 19:21:58,True
2024-01-09 19:34:27,True
2024-01-09 19:53:38,True
2024-01-09 20:42:43,True
2024-01-09 21:04:47,True
2024-01-09 21:09:01,True
2024-01-09 21:19:48,True
2024-01-09 22:01:38,True
2024-01-09 22:13:28,True
2024-01-09 22:16:12,True
2024-01-09 22:27:18,True
2024-01-09 22:33:01,True
2024-01-09 22:42:16,True
2024-01-09 22:43:10,True
2024-01-09 22:57:28,True
2024-01-09 23:15:58,True
2024-01-09 23:41:42,True
2024-01-09 23:47:43,True
2024-01-10 00:00:36,True
2024-01-10 00:31:57,True
2024-01-10 00:40:01,True
2024-01-10 01:41:40,True
2024-01-10 01:51:14,True
2024-01-10 02:04:29,True
2024-01-10 02:07:50,True
2024-01-10 02:19:55,True
2024-01-10 02:21:17,True
2024-01-10 02:36:42,True
2024-01-10 02:50:08,True
2024-01-10 02:52:46,True
2024-01-10 03:16:01,True
2024-01-10 03:23:37,True
2024-01-10 04:14:39,True
2024-01-10 04:14:46,True
2024-01-10 04:49:19,True
2024-01-10 05:23:34,True
2024-01-10 05:23:59,True
2024-01-10 05:28:55,True
2024-01-10 06:24:15,True
2024-01-10 06:25:25,True
2024-01-10 06:39:50,True
2024-01-10 06:56:51,True
2024-01-10 06:56:54,True
2024-01-10 06:59:17,True
2024-01-10 07:15:08,True
2024-01-10 07:49:03,True
2024-01-10 07:58:16,True
2024-01-10 07:58:17,True
2024-01-10 08:42:55,True
2024-01-10 09:06:10,True
2024-01-10 09:15:12,True
2024-01-10 09:16:52,True
2024-01-10 09:23:38,True
2024-01-10 09:26:20,True
2024-01-10 09:52:49,True
2024-01-10 10:04:36,True
2024-01-10 10:15:14,True
2024-01-10 10:17:09,True
2024-01-10 10:28:19,True
2024-01-10 10:29:01,True
2024-01-10 10:49:07,True
2024-01-10 10:51:04,True
2024-01-10 10:54:34,True
2024-01-10 10:57:30,True
2024-01-10 11:06:44,True
2024-01-10 11:10:28,True
2024-01-10 11:16:53,True
2024-01-10 11:28:36,True
2024-01-10 12:00:08,True
2024-01-10 12:16:33,True
2024-01-10 12:36:10,True
2024-01-10 12:47:13,True
2024-01-10 13:00:14,True
2024-01-10 13:16:33,True
2024-01-10 13:20:02,True
2024-01-10 13:32:26,True
2024-01-10 13:54:32,True
2024-01-10 13:57:32,True
2024-01-10 14:04:09,True
2024-01-10 14:04:18,True
2024-01-10 14:35:55,True
2024-01-10 14:43:26,True
2024-01-10 15:15:04,True
2024-01-10 15:30:42,True
2024-01-10 15:45:26,True
2024-01-10 15:48:42,True
2024-01-10 15:52:04,True
2024-01-10 15:56:59,True
2024-01-10 16:00:08,True
2024-01-10 16:24:55,True
2024-01-10 16:29:13,True
2024-01-10 16:29:42,True
2024-01-10 16:45:26,True
2024-01-10 16:49:34,True
2024-01-10 17:07:45,True
2024-01-10 17:39:57,True
2024-01-10 17:44:09,True
2024-01-10 17:49:29,True
2024-01-10 17:55:02,True
2024-01-10 18:19:56,True
2024-01-10 18:40:36,True
2024-01-10 18:45:14,True
2024-01-10 18:49:56,True
2024-01-10 18:55:39,True
2024-01-10 19:16:11,True
2024-01-10 19:19:54,True
2024-01-10 19:26:05,True
2024-01-10 19:29:16,True
2024-01-10 19:34:17,True
2024-01-10 19:45:25,True
2024-01-10 19:47:52,True
2024-01-10 20:27:13,True
2024-01-10 20:36:33,True
2024-01-10 20:53:47,True
2024-01-10 21:00:03,True
2024-01-10 21:27:40,True
2024-01-10 21:30:27,True
2024-01-10 21:31:03,True
2024-01-10 21:32:44,True
2024-01-10 21:33:07,True
2024-01-10 21:45:58,True
2024-01-10 22:11:31,True
2024-01-10 22:59:09,True
2024-01-10 23:27:34,True
2024-01-10 23:30:52,True
2024-01-10 23:39:27,True
2024-01-11 00:31:30,True
2024-01-11 00:31:44,True
2024-01-11 00:34:19,True
2024-01-11 00:45:47,True
2024-01-11 01:02:09,True
2024-01-11 01:14:10,True
2024-01-11 01:14:12,True
2024-01-11 01:34:41,True
2024-01-11 01:40:39,True
2024-01-11 01:49:24,True
2024-01-11 01:50:26,True
2024-01-11 01:57:59,True
2024-01-11 02:09:51,True
2024-01-11 02:28:26,True
2024-01-11 02:39:27,True
2024-01-11 02:44:58,True
2024-01-11 02:58:57,True
2024-01-11 02:59:02,True
2024-01-11 03:03:53,True
2024-01-11 03:15:53,True
2024-01-11 03:18:35,True
2024-01-11 03:21:07,True
2024-01-11 03:38:03,True
2024-01-11 03:43:48,True
2024-01-11 03:48:02,True
2024-01-11 04:13:13,True
2024-01-11 04:14:05,True
2024-01-11 04:15:37,True
2024-01-11 04:33:35,True
2024-01-11 05:18:10,True
2024-01-11 05:28:00,True
2024-01-11 05:33:08,True
2024-01-11 05:35:27,True
2024-01-11 06:20:34,True
2024-01-11 06:36:03,True
2024-01-11 07:00:32,True
2024-01-11 07:10:39,True
2024-01-11 07:30:15,True
2024-01-11 07:30:32,True
2024-01-11 07:52:44,True
2024-01-11 08:24:18,True
2024-01-11 08:34:00,True
2024-01-11 08:41:08,True
2024-01-11 08:47:14,True
2024-01-11 09:34:39,True
2024-01-11 09:44:23,True
2024-01-11 10:09:37,True
2024-01-11 11:13:43,True
2024-01-11 11:42:12,True
2024-01-11 12:24:01,True
2024-01-11 12:30:43,True
2024-01-11 13:33:48,True
2024-01-11 13:56:08,True
2024-01-11 14:01:19,True
2024-01-11 14:33:38,True
2024-01-11 14:59:11,True
2024-01-11 15:05:28,True
2024-01-11 15:30:02,True
2024-01-11 15:32:14,True
2024-01-11 15:33:01,True
2024-01-11 15:47:36,True
2024-01-11 16:03:14,True
2024-01-11 16:27:11,True
2024-01-11 16:50:05,True
2024-01-11 17:02:32,True
2024-01-11 17:13:22,True
2024-01-11 17:18:51,True
2024-01-11 17:51:32,True
2024-01-11 18:19:17,True
2024-01-11 18:43:57,True
2024-01-11 19:26:21,True
2024-01-11 19:26:52,True
2024-01-11 19:35:28,True
2024-01-11 19:49:24,True
2024-01-11 19:50:05,True
2024-01-11 20:19:54,True
2024-01-11 20:20:16,True
2024-01-11 20:41:40,True
2024-01-11 20:51:24,True
2024-01-11 20:53:24,True
2024-01-11 20:54:35,True
2024-01-11 21:02:45,True
2024-01-11 21:10:23,True
2024-01-11 21:16:50,True
2024-01-11 21:27:18,True
2024-01-11 21:30:59,True
2024-01-11 21:32:25,True
2024-01-11 21:42:42,True
2024-01-11 21:52:09,True
2024-01-11 22:01:36,True
2024-01-11 22:08:05,True
2024-01-11 22:24:40,True
2024-01-11 22:51:19,True
2024-01-11 23:19:16,True
2024-01-11 23:28:33,True
2024-01-11 23:34:56,True
2024-01-11 23:42:02,True
2024-01-11 23:51:04,True
2024-01-12 00:01:19,True
2024-01-12 00:03:24,True
2024-01-12 00:07:49,True
2024-01-12 00:08:14,True
2024-01-12 00:14:22,True
2024-01-12 00:23:33,True
2024-01-12 00:27:06,True
2024-01-12 00:48:59,True
2024-01-12 00:55:44,True
2024-01-12 01:12:15,True
2024-01-12 01:14:03,True
2024-01-12 01:14:19,True
2024-01-12 01:14:30,True
2024-01-12 01:20:51,True
2024-01-12 01:20:58,True
2024-01-12 01:38:26,True
2024-01-12 01:47:57,True
2024-01-12 01:49:03,True
2024-01-12 01:59:07,True
2024-01-12 02:19:35,True
2024-01-12 02:25:01,True
2024-01-12 02:26:57,True
2024-01-12 02:32:22,True
2024-01-12 02:40:42,True
2024-01-12 02:46:34,True
2024-01-12 02:49:01,True
2024-01-12 03:19:07,True
2024-01-12 03:19:52,True
2024-01-12 03:28:39,True
2024-01-12 03:35:48,True
2024-01-12 03:38:48,True
2024-01-12 03:56:55,True
2024-01-12 04:07:10,True
2024-01-12 04:11:37,True
2024-01-12 04:20:46,True
2024-01-12 04:32:32,True
2024-01-12 04:52:53,True
2024-01-12 04:56:21,True
2024-01-12 05:00:46,True
2024-01-12 05:07:34,True
2024-01-12 05:09:41,True
2024-01-12 05:12:02,True
2024-01-12 05:26:20,True
2024-01-12 05:32:45,True
2024-01-12 05:37:35,True
2024-01-12 05:38:32,True
2024-01-12 05:46:43,True
2024-01-12 05:58:56,True
2024-01-12 06:01:27,True
2024-01-12 06:01:28,True
2024-01-12 06:03:54,True
2024-01-12 06:05:29,True
2024-01-12 06:05:34,True
2024-01-12 06:26:40,True
2024-01-12 06:30:01,True
2024-01-12 06:31:11,True
2024-01-12 06:49:10,True
2024-01-12 06:50:34,True
2024-01-12 06:59:14,True
2024-01-12 07:04:25,True
2024-01-12 07:13:26,True
2024-01-12 07:15:30,True
2024-01-12 07:16:49,True
2024-01-12 07:23:59,True
2024-01-12 07:43:03,True
2024-01-12 08:04:04,True
2024-01-12 08:04:50,True
2024-01-12 08:05:12,True
2024-01-12 08:17:49,True
2024-01-12 08:21:47,True
2024-01-12 08:36:52,True
2024-01-12 08:40:39,True
2024-01-12 08:41:06,True
2024-01-12 08:42:42,True
2024-01-12 08:45:18,True
2024-01-12 08:49:06,True
2024-01-12 08:50:49,True
2024-01-12 09:11:37,True
2024-01-12 09:18:25,True
2024-01-12 09:20:58,True
2024-01-12 09:23:37,True
2024-01-12 09:29:39,True
2024-01-12 09:30:41,True
2024-01-12 09:31:52,True
2024-01-12 09:31:56,True
2024-01-12 09:35:35,True
2024-01-12 09:36:09,True
2024-01-12 09:37:14,True
2024-01-12 09:54:03,True
2024-01-12 10:00:55,True
2024-01-12 10:02:06,True
2024-01-12 10:02:10,True
2024-01-12 10:12:02,True
2024-01-12 10:24:01,True
2024-01-12 10:25:23,True
2024-01-12 10:31:46,True
2024-01-12 10:37:29,True
2024-01-12 10:38:40,True
2024-01-12 10:41:51,True
2024-01-12 10:44:40,True
2024-01-12 10:51:19,True
2024-01-12 11:07:52,True
2024-01-12 11:10:16,True
2024-01-12 11:11:36,True
2024-01-12 11:24:51,True
2024-01-12 11:28:15,True
2024-01-12 11:44:54,True
2024-01-12 11:53:07,True
2024-01-12 12:04:11,True
2024-01-12 12:08:23,True
2024-01-12 12:09:34,True
2024-01-12 12:31:22,True
2024-01-12 12:43:19,True
2024-01-12 12:50:38,True
2024-01-12 12:52:12,True
2024-01-12 12:53:17,True
2024-01-12 12:57:02,True
2024-01-12 12:57:14,True
2024-01-12 12:58:01,True
2024-01-12 13:18:25,True
2024-01-12 13:21:25,True
2024-01-12 13:44:32,True
2024-01-12 13:51:50,True
2024-01-12 13:56:03,True
2024-01-12 14:07:08,True
2024-01-12 14:08:49,True
2024-01-12 14:10:20,True
2024-01-12 14:10:52,True
2024-01-12 14:13:02,True
2024-01-12 14:16:34,True
2024-01-12 14:30:22,True
2024-01-12 14:35:22,True
2024-01-12 14:39:29,True
2024-01-12 14:44:43,True
2024-01-12 14:49:43,True
2024-01-12 14:52:42,True
2024-01-12 15:03:27,True
2024-01-12 15:03:32,True
2024-01-12 15:12:55,True
2024-01-12 15:15:52,True
2024-01-12 15:20:45,True
2024-01-12 15:27:57,True
2024-01-12 15:34:31,True
2024-01-12 15:38:18,True
2024-01-12 15:47:15,True
2024-01-12 16:01:47,True
2024-01-12 16:20:14,True
2024-01-12 16:25:31,True
2024-01-12 16:29:25,True
2024-01-12 16:32:15,True
2024-01-12 16:33:25,True
2024-01-12 16:34:41,True
2024-01-12 16:54:16,True
2024-01-12 16:54:21,True
2024-01-12 16:56:20,True
2024-01-12 17:02:10,True
2024-01-12 17:04:44,True
2024-01-12 17:06:34,True
2024-01-12 17:15:25,True
2024-01-12 17:20:54,True
2024-01-12 17:21:19,True
2024-01-12 17:23:16,True
2024-01-12 17:29:44,True
2024-01-12 17:34:46,True
2024-01-12 17:42:10,True
2024-01-12 17:44:12,True
2024-01-12 17:50:30,True
2024-01-12 17:58:52,True
2024-01-12 18:04:23,True
2024-01-12 18:10:32,True
2024-01-12 18:21:18,True
2024-01-12 18:43:24,True
2024-01-12 18:44:36,True
2024-01-12 18:46:54,True
2024-01-12 18:58:35,True
2024-01-12 19:03:16,True
2024-01-12 19:22:57,True
2024-01-12 19:43:27,True
2024-01-12 19:46:58,True
2024-01-12 20:01:45,True
2024-01-12 20:19:24,True
2024-01-12 20:20:15,True
2024-01-12 20:28:49,True
2024-01-12 20:30:13,True
2024-01-12 20:35:16,True
2024-01-12 20:36:52,True
2024-01-12 20:38:24,True
2024-01-12 20:44:34,True
2024-01-12 20:45:08,True
2024-01-12 20:49:52,True
2024-01-12 20:58:51,True
2024-01-12 21:12:14,True
2024-01-12 21:13:07,True
2024-01-12 21:16:57,True
2024-01-12 21:20:08,True
2024-01-12 21:26:48,True
2024-01-12 21:30:03,True
2024-01-12 21:32:11,True
2024-01-12 21:46:52,True
2024-01-12 22:03:42,True
2024-01-12 22:04:41,True
2024-01-12 22:09:32,True
2024-01-12 22:10:26,True
2024-01-12 22:12:01,True
2024-01-12 22:12:22,True
2024-01-12 22:12:29,True
2024-01-12 22:13:18,True
2024-01-12 22:21:37,True
2024-01-12 22:25:24,True
2024-01-12 22:44:59,True
2024-01-12 22:51:16,True
2024-01-12 22:51:33,True
2024-01-12 22:58:32,True
2024-01-12 23:11:02,True
2024-01-12 23:16:29,True
2024-01-12 23:21:23,True
2024-01-12 23:22:00,True
2024-01-12 23:39:07,True
2024-01-12 23:44:06,True
2024-01-12 23:52:27,True
2024-01-12 23:52:52,True
2024-01-12 23:53:38,True
2024-01-12 23:59:03,True
2024-01-13 00:04:05,True
2024-01-13 00:07:39,True
2024-01-13 00:09:55,True
2024-01-13 00:10:06,True
2024-01-13 00:12:28,True
2024-01-13 00:17:43,True
2024-01-13 00:19:47,True
2024-01-13 00:20:11,True
2024-01-13 00:27:12,True
2024-01-13 00:28:39,True
2024-01-13 00:29:43,True
2024-01-13 00:31:54,True
2024-01-13 00:35:34,True
2024-01-13 00:36:07,True
2024-01-13 00:38:11,True
2024-01-13 00:39:04,True
2024-01-13 00:41:47,True
2024-01-13 00:46:01,True
2024-01-13 00:46:41,True
2024-01-13 00:50:09,True
2024-01-13 00:59:58,True
2024-01-13 01:13:51,True
2024-01-13 01:17:56,True
2024-01-13 01:22:50,True
2024-01-13 01:26:30,True
2024-01-13 01:40:48,True
2024-01-13 01:45:42,True
2024-01-13 01:53:05,True
2024-01-13 01:58:04,True
2024-01-13 01:59:01,True
2024-01-13 02:01:46,True
2024-01-13 02:04:03,True
2024-01-13 02:04:44,True
2024-01-13 02:09:22,True
2024-01-13 02:10:10,True
2024-01-13 02:10:54,True
2024-01-13 02:18:50,True
2024-01-13 02:24:48,True
2024-01-13 02:24:56,True
2024-01-13 02:27:00,True
2024-01-13 02:27:33,True
2024-01-13 02:31:57,True
2024-01-13 02:36:39,True
2024-01-13 02:54:43,True
2024-01-13 02:54:52,True
2024-01-13 02:54:56,True
2024-01-13 02:58:03,True
2024-01-13 03:04:54,True
2024-01-13 03:10:41,True
2024-01-13 03:17:52,True
2024-01-13 03:34:03,True
2024-01-13 03:35:15,True
2024-01-13 03:39:10,True
2024-01-13 03:45:24,True
2024-01-13 03:50:26,True
2024-01-13 04:00:04,True
2024-01-13 04:03:51,True
2024-01-13 04:07:00,True
2024-01-13 04:09:09,True
2024-01-13 04:10:37,True
2024-01-13 04:11:46,True
2024-01-13 04:15:45,True
2024-01-13 04:25:40,True
2024-01-13 04:28:19,True
2024-01-13 04:28:58,True
2024-01-13 04:31:10,True
2024-01-13 04:45:30,True
2024-01-13 04:52:10,True
2024-01-13 04:59:05,True
2024-01-13 05:01:09,True
2024-01-13 05:09:15,True
2024-01-13 05:11:24,True
2024-01-13 05:15:05,True
2024-01-13 05:16:27,True
2024-01-13 05:32:46,True
2024-01-13 05:34:45,True
2024-01-13 05:39:45,True
2024-01-13 05:40:07,True
2024-01-13 05:42:13,True
2024-01-13 05:43:59,True
2024-01-13 05:48:06,True
2024-01-13 05:58:19,True
2024-01-13 06:13:22,True
2024-01-13 06:16:10,True
2024-01-13 06:16:14,True
2024-01-13 06:37:06,True
2024-01-13 06:45:11,True
2024-01-13 06:50:20,True
2024-01-13 07:08:13,True
2024-01-13 07:11:17,True
2024-01-13 07:15:22,True
2024-01-13 07:17:38,True
2024-01-13 07:18:54,True
2024-01-13 07:26:14,True
2024-01-13 07:26:57,True
2024-01-13 07:32:02,True
2024-01-13 07:33:45,True
2024-01-13 07:46:37,True
2024-01-13 07:46:45,True
2024-01-13 07:47:25,True
2024-01-13 07:54:08,True
2024-01-13 07:57:57,True
2024-01-13 08:00:24,True
2024-01-13 08:02:53,True
2024-01-13 08:04:52,True
2024-01-13 08:33:34,True
2024-01-13 08:37:49,True
2024-01-13 08:40:49,True
2024-01-13 08:45:00,True
2024-01-13 08:49:08,True
2024-01-13 08:52:15,True
2024-01-13 08:56:32,True
2024-01-13 09:00:13,True
2024-01-13 09:04:43,True
2024-01-13 09:07:00,True
2024-01-13 09:11:30,True
2024-01-13 09:17:23,True
2024-01-13 09:24:58,True
2024-01-13 09:37:47,True
2024-01-13 09:48:09,True
2024-01-13 09:50:34,True
2024-01-13 09:52:53,True
2024-01-13 09:56:18,True
2024-01-13 09:58:12,True
2024-01-13 09:59:53,True
2024-01-13 10:01:09,True
2024-01-13 10:12:12,True
2024-01-13 10:15:40,True
2024-01-13 10:16:20,True
2024-01-13 10:19:06,True
2024-01-13 10:24:58,True
2024-01-13 10:30:41,True
2024-01-13 10:34:59,True
2024-01-13 10:35:54,True
2024-01-13 10:42:46,True
2024-01-13 10:42:54,True
2024-01-13 10:43:08,True
2024-01-13 10:46:39,True
2024-01-13 10:56:25,True
2024-01-13 10:56:44,True
2024-01-13 10:59:27,True
2024-01-13 10:59:43,True
2024-01-13 11:01:52,True
2024-01-13 11:04:06,True
2024-01-13 11:10:25,True
2024-01-13 11:13:08,True
2024-01-13 11:21:05,True
2024-01-13 11:28:42,True
2024-01-13 11:31:34,True
2024-01-13 11:37:34,True
2024-01-13 11:37:38,True
2024-01-13 11:40:13,True
2024-01-13 11:42:35,True
2024-01-13 11:53:07,True
2024-01-13 11:53:31,True
2024-01-13 11:54:42,True
2024-01-13 12:07:28,True
2024-01-13 12:15:52,True
2024-01-13 12:16:05,True
2024-01-13 12:19:39,True
2024-01-13 12:30:53,True
2024-01-13 12:36:19,True
2024-01-13 12:38:37,True
2024-01-13 12:42:17,True
2024-01-13 12:44:21,True
2024-01-13 12:46:55,True
2024-01-13 12:50:31,True
2024-01-13 12:59:03,True
2024-01-13 13:02:30,True
2024-01-13 13:03:45,True
2024-01-13 13:05:43,True
2024-01-13 13:06:18,True
2024-01-13 13:07:49,True
2024-01-13 13:08:53,True
2024-01-13 13:11:36,True
2024-01-13 13:13:46,True
2024-01-13 13:18:59,True
2024-01-13 13:23:20,True
2024-01-13 13:32:54,True
2024-01-13 13:36:07,True
2024-01-13 13:44:03,True
2024-01-13 13:59:58,True
2024-01-13 14:04:02,True
2024-01-13 14:17:18,True
2024-01-13 14:33:31,True
2024-01-13 14:33:45,True
2024-01-13 14:36:52,True
2024-01-13 14:41:46,True
2024-01-13 14:42:18,True
2024-01-13 14:49:11,True
2024-01-13 14:50:46,True
2024-01-13 14:52:01,True
2024-01-13 15:07:15,True
2024-01-13 15:07:59,True
2024-01-13 15:08:08,True
2024-01-13 15:09:31,True
2024-01-13 15:10:59,True
2024-01-13 15:11:27,True
2024-01-13 15:14:02,True
2024-01-13 15:15:47,True
2024-01-13 15:16:19,True
2024-01-13 15:19:58,True
2024-01-13 15:21:23,True
2024-01-13 15:26:05,True
2024-01-13 15:36:26,True
2024-01-13 15:36:31,True
2024-01-13 15:38:12,True
2024-01-13 15:38:26,True
2024-01-13 15:45:52,True
2024-01-13 15:46:35,True
2024-01-13 15:48:01,True
2024-01-13 15:48:55,True
2024-01-13 15:54:48,True
2024-01-13 15:55:24,True
2024-01-13 15:56:14,True
2024-01-13 15:56:46,True
2024-01-13 16:02:26,True
2024-01-13 16:20:38,True
2024-01-13 16:21:26,True
2024-01-13 16:24:04,True
2024-01-13 16:24:31,True
2024-01-13 16:28:40,True
2024-01-13 16:31:13,True
2024-01-13 16:31:59,True
2024-01-13 16:47:10,True
2024-01-13 16:58:17,True
2024-01-13 17:00:22,True
2024-01-13 17:02:53,True
2024-01-13 17:12:00,True
2024-01-13 17:13:46,True
2024-01-13 17:20:53,True
2024-01-13 17:25:29,True
2024-01-13 17:33:55,True
2024-01-13 17:44:14,True
2024-01-13 17:45:13,True
2024-01-13 17:51:29,True
2024-01-13 17:55:53,True
2024-01-13 17:57:15,True
2024-01-13 18:16:39,True
2024-01-13 18:16:44,True
2024-01-13 18:20:23,True
2024-01-13 18:21:36,True
2024-01-13 18:21:46,True
2024-01-13 18:22:48,True
2024-01-13 18:37:02,True
2024-01-13 18:40:32,True
2024-01-13 18:44:23,True
2024-01-13 18:44:42,True
2024-01-13 18:45:57,True
2024-01-13 18:46:47,True
2024-01-13 18:49:41,True
2024-01-13 18:56:11,True
2024-01-13 18:57:05,True
2024-01-13 19:02:47,True
2024-01-13 19:09:16,True
2024-01-13 19:09:28,True
2024-01-13 19:14:49,True
2024-01-13 19:19:44,True
2024-01-13 19:23:01,True
2024-01-13 19:24:12,True
2024-01-13 19:31:15,True
2024-01-13 19:34:53,True
2024-01-13 19:34:57,True
2024-01-13 19:39:02,True
2024-01-13 19:41:30,True
2024-01-13 19:46:35,True
2024-01-13 19:49:08,True
2024-01-13 19:59:18,True
2024-01-13 20:00:39,True
2024-01-13 20:03:06,True
2024-01-13 20:05:56,True
2024-01-13 20:17:50,True
2024-01-13 20:18:46,True
2024-01-13 20:24:53,True
2024-01-13 20:49:25,True
2024-01-13 20:55:14,True
2024-01-13 20:56:34,True
2024-01-13 20:58:53,True
2024-01-13 21:12:34,True
2024-01-13 21:14:41,True
2024-01-13 21:19:50,True
2024-01-13 21:22:16,True
2024-01-13 21:22:44,True
2024-01-13 21:25:07,True
2024-01-13 21:42:25,True
2024-01-13 21:47:33,True
2024-01-13 21:55:48,True
2024-01-13 22:08:15,True
2024-01-13 22:09:41,True
2024-01-13 22:11:34,True
2024-01-13 22:17:56,True
2024-01-13 22:18:20,True
2024-01-13 22:19:34,True
2024-01-13 22:26:51,True
2024-01-13 22:39:13,True
2024-01-13 22:47:42,True
2024-01-13 22:51:13,True
2024-01-13 22:52:30,True
2024-01-13 22:56:57,True
2024-01-13 23:03:24,True
2024-01-13 23:05:13,True
2024-01-13 23:08:31,True
2024-01-13 23:10:01,True
2024-01-13 23:13:43,True
2024-01-13 23:27:01,True
2024-01-13 23:27:03,True
2024-01-13 23:28:37,True
2024-01-13 23:29:01,True
2024-01-13 23:30:18,True
2024-01-13 23:36:38,True
2024-01-13 23:37:19,True
2024-01-13 23:42:21,True
2024-01-13 23:48:25,True
2024-01-13 23:49:07,True
2024-01-13 23:51:30,True
2024-01-13 23:52:42,True
2024-01-14 00:10:51,True
2024-01-14 00:15:45,True
2024-01-14 00:23:31,True
2024-01-14 00:30:34,True
2024-01-14 00:38:22,True
2024-01-14 00:41:43,True
2024-01-14 00:49:30,True
2024-01-14 00:51:10,True
2024-01-14 00:58:18,True
2024-01-14 00:59:06,True
2024-01-14 01:06:40,True
2024-01-14 01:07:36,True
2024-01-14 01:11:57,True
2024-01-14 01:20:18,True
2024-01-14 01:21:19,True
2024-01-14 01:22:06,True
2024-01-14 01:25:56,True
2024-01-14 01:27:46,True
2024-01-14 01:36:12,True
2024-01-14 01:42:02,True
2024-01-14 01:46:26,True
2024-01-14 01:51:54,True
2024-01-14 01:58:10,True
2024-01-14 02:03:35,True
2024-01-14 02:06:45,True
2024-01-14 02:09:44,True
2024-01-14 02:12:39,True
2024-01-14 02:21:22,True
2024-01-14 02:26:04,True
2024-01-14 02:26:05,True
2024-01-14 02:34:13,True
2024-01-14 02:43:46,True
2024-01-14 02:50:55,True
2024-01-14 03:03:09,True
2024-01-14 03:30:22,True
2024-01-14 03:31:37,True
2024-01-14 03:38:10,True
2024-01-14 03:47:56,True
2024-01-14 03:50:23,True
2024-01-14 03:52:03,True
2024-01-14 03:52:08,True
2024-01-14 04:06:19,True
2024-01-14 04:18:47,True
2024-01-14 04:21:38,True
2024-01-14 04:25:04,True
2024-01-14 04:25:09,True
2024-01-14 04:28:28,True
2024-01-14 04:47:32,True
2024-01-14 04:50:45,True
2024-01-14 04:55:23,True
2024-01-14 05:05:52,True
2024-01-14 05:08:31,True
2024-01-14 05:09:45,True
2024-01-14 05:12:24,True
2024-01-14 05:20:26,True
2024-01-14 05:22:48,True
2024-01-14 05:26:55,True
2024-01-14 05:28:03,True
2024-01-14 05:28:04,True
2024-01-14 05:28:26,True
2024-01-14 05:28:58,True
2024-01-14 05:29:20,True
2024-01-14 05:29:21,True
2024-01-14 05:30:50,True
2024-01-14 05:33:21,True
2024-01-14 05:44:37,True
2024-01-14 05:52:12,True
2024-01-14 06:16:05,True
2024-01-14 06:18:56,True
2024-01-14 06:37:01,True
2024-01-14 06:39:05,True
2024-01-14 06:39:57,True
2024-01-14 06:46:51,True
2024-01-14 06:49:03,True
2024-01-14 06:50:10,True
2024-01-14 06:50:18,True
2024-01-14 06:50:48,True
2024-01-14 06:52:09,True
2024-01-14 07:12:44,True
2024-01-14 07:13:48,True
2024-01-14 07:16:58,True
2024-01-14 07:25:31,True
2024-01-14 07:27:32,True
2024-01-14 07:28:23,True
2024-01-14 07:36:00,True
2024-01-14 07:45:53,True
2024-01-14 07:47:08,True
2024-01-14 07:48:37,True
2024-01-14 07:49:36,True
2024-01-14 07:51:08,True
2024-01-14 08:19:13,True
2024-01-14 08:28:18,True
2024-01-14 08:33:58,True
2024-01-14 08:34:43,True
2024-01-14 08:36:38,True
2024-01-14 08:39:58,True
2024-01-14 08:41:17,True
2024-01-14 08:44:26,True
2024-01-14 08:45:13,True
2024-01-14 08:54:23,True
2024-01-14 08:58:37,True
2024-01-14 09:02:24,True
2024-01-14 09:19:12,True
2024-01-14 09:24:37,True
2024-01-14 09:29:53,True
2024-01-14 09:32:12,True
2024-01-14 09:39:19,True
2024-01-14 09:41:40,True
2024-01-14 09:55:25,True
2024-01-14 09:56:26,True
2024-01-14 10:11:02,True
2024-01-14 10:11:38,True
2024-01-14 10:12:22,True
2024-01-14 10:14:24,True
2024-01-14 10:18:42,True
2024-01-14 10:20:46,True
2024-01-14 10:22:21,True
2024-01-14 10:23:09,True
2024-01-14 10:27:21,True
2024-01-14 10:31:54,True
2024-01-14 10:32:07,True
2024-01-14 10:37:35,True
2024-01-14 10:40:57,True
2024-01-14 10:42:40,True
2024-01-14 10:50:11,True
2024-01-14 10:51:13,True
2024-01-14 10:56:32,True
2024-01-14 10:58:55,True
2024-01-14 11:03:26,True
2024-01-14 11:03:41,True
2024-01-14 11:11:09,True
2024-01-14 11:14:43,True
2024-01-14 11:17:03,True
2024-01-14 11:32:48,True
2024-01-14 11:40:24,True
2024-01-14 11:40:44,True
2024-01-14 11:42:25,True
2024-01-14 11:43:30,True
2024-01-14 11:51:43,True
2024-01-14 11:51:55,True
2024-01-14 11:54:08,True
2024-01-14 11:54:40,True
2024-01-14 12:01:45,True
2024-01-14 12:01:49,True
2024-01-14 12:14:13,True
2024-01-14 12:15:25,True
2024-01-14 12:17:52,True
2024-01-14 12:25:17,True
2024-01-14 12:28:04,True
2024-01-14 12:30:43,True
2024-01-14 12:32:38,True
2024-01-14 12:36:08,True
2024-01-14 12:46:15,True
2024-01-14 12:52:56,True
2024-01-14 12:54:36,True
2024-01-14 12:55:16,True
2024-01-14 13:00:12,True
2024-01-14 13:06:07,True
2024-01-14 13:25:15,True
2024-01-14 13:27:34,True
2024-01-14 13:33:51,True
2024-01-14 13:34:46,True
2024-01-14 13:35:35,True
2024-01-14 13:38:51,True
2024-01-14 13:40:05,True
2024-01-14 13:41:36,True
2024-01-14 13:54:04,True
2024-01-14 13:55:40,True
2024-01-14 13:56:17,True
2024-01-14 14:01:49,True
2024-01-14 14:08:46,True
2024-01-14 14:23:21,True
2024-01-14 14:23:54,True
2024-01-14 14:26:13,True
2024-01-14 14:27:28,True
2024-01-14 14:34:15,True
2024-01-14 14:40:53,True
2024-01-14 14:41:30,True
2024-01-14 14:42:59,True
2024-01-14 14:44:09,True
2024-01-14 14:54:11,True
2024-01-14 15:03:11,True
2024-01-14 15:05:08,True
2024-01-14 15:09:48,True
2024-01-14 15:15:44,True
2024-01-14 15:15:47,True
2024-01-14 15:18:46,True
2024-01-14 15:20:01,True
2024-01-14 15:21:11,True
2024-01-14 15:23:05,True
2024-01-14 15:23:49,True
2024-01-14 15:27:31,True
2024-01-14 15:31:11,True
2024-01-14 15:32:55,True
2024-01-14 15:36:33,True
2024-01-14 15:36:50,True
2024-01-14 15:38:54,True
2024-01-14 15:39:55,True
2024-01-14 15:41:13,True
2024-01-14 15:54:12,True
2024-01-14 15:55:34,True
2024-01-14 15:59:39,True
2024-01-14 15:59:47,True
2024-01-14 16:05:11,True
2024-01-14 16:06:19,True
2024-01-14 16:07:50,True
2024-01-14 16:09:53,True
2024-01-14 16:09:55,True
2024-01-14 16:13:45,True
2024-01-14 16:19:25,True
2024-01-14 16:23:32,True
2024-01-14 16:33:13,True
2024-01-14 16:37:48,True
2024-01-14 16:37:49,True
2024-01-14 16:41:37,True
2024-01-14 16:42:54,True
2024-01-14 16:45:20,True
2024-01-14 16:49:47,True
2024-01-14 16:52:20,True
2024-01-14 16:53:11,True
2024-01-14 16:53:19,True
2024-01-14 16:56:10,True
2024-01-14 17:05:28,True
2024-01-14 17:09:09,True
2024-01-14 17:12:46,True
2024-01-14 17:13:58,True
2024-01-14 17:25:24,True
2024-01-14 17:25:41,True
2024-01-14 17:29:49,True
2024-01-14 17:35:49,True
2024-01-14 17:42:20,True
2024-01-14 17:42:25,True
2024-01-14 17:43:12,True
2024-01-14 17:49:11,True
2024-01-14 17:54:35,True
2024-01-14 17:55:32,True
2024-01-14 17:56:42,True
2024-01-14 17:56:55,True
2024-01-14 18:02:40,True
2024-01-14 18:05:49,True
2024-01-14 18:19:02,True
2024-01-14 18:21:36,True
2024-01-14 18:22:02,True
2024-01-14 18:28:15,True
2024-01-14 18:28:22,True
2024-01-14 18:29:06,True
2024-01-14 18:31:47,True
2024-01-14 18:33:29,True
2024-01-14 18:40:18,True
2024-01-14 18:41:52,True
2024-01-14 18:46:16,True
2024-01-14 18:52:43,True
2024-01-14 18:53:55,True
2024-01-14 18:54:54,True
2024-01-14 18:55:05,True
2024-01-14 18:56:17,True
2024-01-14 18:56:37,True
2024-01-14 19:02:08,True
2024-01-14 19:04:09,True
2024-01-14 19:07:36,True
2024-01-14 19:15:26,True
2024-01-14 19:16:26,True
2024-01-14 19:24:24,True
2024-01-14 19:24:34,True
2024-01-14 19:38:29,True
2024-01-14 19:53:02,True
2024-01-14 20:00:23,True
2024-01-14 20:05:11,True
2024-01-14 20:05:20,True
2024-01-14 20:07:20,True
2024-01-14 20:11:23,True
2024-01-14 20:14:57,True
2024-01-14 20:19:30,True
2024-01-14 20:35:39,True
2024-01-14 20:44:14,True
2024-01-14 20:44:51,True
2024-01-14 20:51:44,True
2024-01-14 20:56:04,True
2024-01-14 20:59:09,True
2024-01-14 21:04:20,True
2024-01-14 21:07:26,True
2024-01-14 21:18:01,True
2024-01-14 21:19:51,True
2024-01-14 21:24:55,True
2024-01-14 21:47:55,True
2024-01-14 21:49:31,True
2024-01-14 21:49:55,True
2024-01-14 21:58:22,True
2024-01-14 21:59:50,True
2024-01-14 22:08:33,True
2024-01-14 22:10:53,True
2024-01-14 22:15:06,True
2024-01-14 22:16:02,True
2024-01-14 22:25:43,True
2024-01-14 22:37:57,True
2024-01-14 22:38:24,True
2024-01-14 22:42:49,True
2024-01-14 22:45:46,True
2024-01-14 22:49:17,True
2024-01-14 22:51:25,True
2024-01-14 22:54:52,True
2024-01-14 22:56:01,True
2024-01-14 22:56:19,True
2024-01-14 23:05:01,True
2024-01-14 23:07:25,True
2024-01-14 23:11:05,True
2024-01-14 23:13:20,True
2024-01-14 23:15:29,True
2024-01-14 23:16:50,True
2024-01-14 23:22:00,True
2024-01-14 23:28:05,True
2024-01-14 23:31:22,True
2024-01-14 23:34:10,True
2024-01-14 23:40:28,True
2024-01-14 23:41:07,True
2024-01-14 23:41:09,True
2024-01-14 23:43:49,True
2024-01-14 23:44:56,True
2024-01-14 23:45:51,True
2024-01-14 23:46:24,True
2024-01-14 23:47:42,True
2024-01-14 23:49:51,True
2024-01-14 23:51:21,True
2024-01-14 23:54:05,True
2024-01-15 00:02:59,True
2024-01-15 00:03:13,True
2024-01-15 00:03:59,True
2024-01-15 00:06:33,True
2024-01-15 00:07:02,True
2024-01-15 00:11:24,True
2024-01-15 00:12:15,True
2024-01-15 00:13:22,True
2024-01-15 00:14:42,True
2024-01-15 00:15:32,True
2024-01-15 00:16:09,True
2024-01-15 00:16:11,True
2024-01-15 00:17:16,True
2024-01-15 00:17:46,True
2024-01-15 00:17:49,True
2024-01-15 00:20:25,True
2024-01-15 00:24:23,True
2024-01-15 00:25:40,True
2024-01-15 00:26:48,True
2024-01-15 00:27:14,True
2024-01-15 00:29:22,True
2024-01-15 00:30:28,True
2024-01-15 00:35:15,True
2024-01-15 00:35:54,True
2024-01-15 00:36:48,True
2024-01-15 00:37:31,True
2024-01-15 00:37:48,True
2024-01-15 00:40:14,True
2024-01-15 00:40:25,True
2024-01-15 00:42:41,True
2024-01-15 00:47:19,True
2024-01-15 00:48:10,True
2024-01-15 00:49:16,True
2024-01-15 00:50:07,True
2024-01-15 00:50:44,True
2024-01-15 00:51:52,True
2024-01-15 00:55:13,True
2024-01-15 00:56:37,True
2024-01-15 00:56:53,True
2024-01-15 00:57:04,True
2024-01-15 00:58:41,True
2024-01-15 00:58:49,True
2024-01-15 01:01:38,True
2024-01-15 01:02:36,True
2024-01-15 01:08:40,True
2024-01-15 01:11:06,True
2024-01-15 01:11:18,True
2024-01-15 01:11:32,True
2024-01-15 01:15:49,True
2024-01-15 01:23:05,True
2024-01-15 01:24:23,True
2024-01-15 01:24:42,True
2024-01-15 01:33:17,True
2024-01-15 01:36:52,True
2024-01-15 01:37:45,True
2024-01-15 01:49:42,True
2024-01-15 01:52:15,True
2024-01-15 01:53:52,True
2024-01-15 01:56:10,True
2024-01-15 01:58:38,True
2024-01-15 02:01:33,True
2024-01-15 02:02:09,True
2024-01-15 02:05:52,True
2024-01-15 02:06:53,True
2024-01-15 02:07:51,True
2024-01-15 02:08:11,True
2024-01-15 02:14:31,True
2024-01-15 02:16:52,True
2024-01-15 02:18:16,True
2024-01-15 02:19:31,True
2024-01-15 02:19:48,True
2024-01-15 02:22:04,True
2024-01-15 02:24:38,True
2024-01-15 02:25:13,True
2024-01-15 02:26:30,True
2024-01-15 02:26:33,True
2024-01-15 02:27:24,True
2024-01-15 02:28:45,True
2024-01-15 02:34:09,True
2024-01-15 02:35:09,True
2024-01-15 02:35:34,True
2024-01-15 02:38:14,True
2024-01-15 02:39:12,True
2024-01-15 02:39:43,True
2024-01-15 02:40:25,True
2024-01-15 02:43:08,True
2024-01-15 02:44:53,True
2024-01-15 02:45:02,True
2024-01-15 02:51:21,True
2024-01-15 02:57:44,True
2024-01-15 03:04:31,True
2024-01-15 03:06:44,True
2024-01-15 03:06:48,True
2024-01-15 03:13:21,True
2024-01-15 03:15:29,True
2024-01-15 03:18:05,True
2024-01-15 03:19:08,True
2024-01-15 03:21:05,True
2024-01-15 03:22:54,True
2024-01-15 03:23:12,True
2024-01-15 03:24:26,True
2024-01-15 03:25:17,True
2024-01-15 03:25:48,True
2024-01-15 03:25:53,True
2024-01-15 03:27:10,True
2024-01-15 03:31:15,True
2024-01-15 03:38:16,True
2024-01-15 03:38:19,True
2024-01-15 03:41:09,True
2024-01-15 03:41:45,True
2024-01-15 03:44:06,True
2024-01-15 03:50:03,True
2024-01-15 03:51:07,True
2024-01-15 03:51:16,True
2024-01-15 03:52:51,True
2024-01-15 03:52:56,True
2024-01-15 03:53:16,True
2024-01-15 03:54:51,True
2024-01-15 03:57:06,True
2024-01-15 03:58:09,True
2024-01-15 03:58:27,True
2024-01-15 04:00:21,True
2024-01-15 04:03:16,True
2024-01-15 04:06:45,True
2024-01-15 04:10:46,True
2024-01-15 04:11:13,True
2024-01-15 04:12:32,True
2024-01-15 04:14:50,True
2024-01-15 04:15:15,True
2024-01-15 04:21:35,True
2024-01-15 04:23:35,True
2024-01-15 04:25:46,True
2024-01-15 04:27:12,True
2024-01-15 04:28:29,True
2024-01-15 04:29:39,True
2024-01-15 04:31:44,True
2024-01-15 04:34:59,True
2024-01-15 04:35:20,True
2024-01-15 04:36:45,True
2024-01-15 04:39:59,True
2024-01-15 04:46:40,True
2024-01-15 04:47:45,True
2024-01-15 04:49:02,True
2024-01-15 04:49:11,True
2024-01-15 04:50:28,True
2024-01-15 04:53:04,True
2024-01-15 04:56:47,True
2024-01-15 04:59:16,True
2024-01-15 05:02:02,True
2024-01-15 05:07:04,True
2024-01-15 05:10:53,True
2024-01-15 05:12:08,True
2024-01-15 05:15:26,True
2024-01-15 05:16:32,True
2024-01-15 05:18:26,True
2024-01-15 05:18:31,True
2024-01-15 05:20:20,True
2024-01-15 05:22:00,True
2024-01-15 05:23:42,True
2024-01-15 05:26:28,True
2024-01-15 05:28:07,True
2024-01-15 05:33:19,True
2024-01-15 05:40:07,True
2024-01-15 05:45:34,True
2024-01-15 05:45:57,True
2024-01-15 05:47:08,True
2024-01-15 05:47:14,True
2024-01-15 05:49:06,True
2024-01-15 05:52:06,True
2024-01-15 05:54:07,True
2024-01-15 05:55:21,True
2024-01-15 05:56:41,True
2024-01-15 05:58:54,True
2024-01-15 06:07:12,True
2024-01-15 06:09:54,True
2024-01-15 06:10:10,True
2024-01-15 06:10:17,True
2024-01-15 06:11:18,True
2024-01-15 06:11:25,True
2024-01-15 06:11:33,True
2024-01-15 06:15:33,True
2024-01-15 06:15:43,True
2024-01-15 06:16:24,True
2024-01-15 06:26:35,True
2024-01-15 06:28:19,True
2024-01-15 06:34:52,True
2024-01-15 06:36:34,True
2024-01-15 06:38:44,True
2024-01-15 06:39:28,True
2024-01-15 06:41:21,True
2024-01-15 06:42:46,True
2024-01-15 06:44:18,True
2024-01-15 06:51:23,True
2024-01-15 06:51:25,True
2024-01-15 06:54:12,True
2024-01-15 06:57:19,True
2024-01-15 07:00:27,True
2024-01-15 07:02:55,True
2024-01-15 07:10:26,True
2024-01-15 07:10:31,True
2024-01-15 07:13:45,True
2024-01-15 07:15:06,True
2024-01-15 07:20:11,True
2024-01-15 07:23:28,True
2024-01-15 07:29:54,True
2024-01-15 07:30:47,True
2024-01-15 07:31:27,True
2024-01-15 07:37:51,True
2024-01-15 07:39:20,True
2024-01-15 07:41:37,True
2024-01-15 07:43:49,True
2024-01-15 07:45:47,True
2024-01-15 07:48:56,True
2024-01-15 07:52:40,True
2024-01-15 07:53:53,True
2024-01-15 07:55:29,True
2024-01-15 07:56:12,True
2024-01-15 07:59:44,True
2024-01-15 08:00:08,True
2024-01-15 08:04:01,True
2024-01-15 08:09:00,True
2024-01-15 08:09:48,True
2024-01-15 08:13:03,True
2024-01-15 08:16:26,True
2024-01-15 08:23:46,True
2024-01-15 08:27:32,True
2024-01-15 08:29:27,True
2024-01-15 08:41:22,True
2024-01-15 08:43:18,True
2024-01-15 08:48:28,True
2024-01-15 08:48:50,True
2024-01-15 08:53:20,True
2024-01-15 08:53:26,True
2024-01-15 09:00:10,True
2024-01-15 09:02:04,True
2024-01-15 09:02:28,True
2024-01-15 09:03:33,True
2024-01-15 09:10:42,True
2024-01-15 09:11:08,True
2024-01-15 09:14:13,True
2024-01-15 09:14:46,True
2024-01-15 09:16:45,True
2024-01-15 09:17:13,True
2024-01-15 09:19:27,True
2024-01-15 09:19:50,True
2024-01-15 09:27:04,True
2024-01-15 09:27:16,True
2024-01-15 09:29:44,True
2024-01-15 09:32:26,True
2024-01-15 09:32:47,True
2024-01-15 09:35:24,True
2024-01-15 09:39:48,True
2024-01-15 09:42:04,True
2024-01-15 09:45:58,True
2024-01-15 09:50:24,True
2024-01-15 09:50:28,True
2024-01-15 09:55:40,True
2024-01-15 09:57:04,True
2024-01-15 09:58:14,True
2024-01-15 10:11:18,True
2024-01-15 10:13:51,True
2024-01-15 10:15:00,True
2024-01-15 10:18:40,True
2024-01-15 10:19:41,True
2024-01-15 10:20:05,True
2024-01-15 10:22:14,True
2024-01-15 10:25:25,True
2024-01-15 10:26:53,True
2024-01-15 10:28:25,True
2024-01-15 10:29:17,True
2024-01-15 10:34:12,True
2024-01-15 10:34:40,True
2024-01-15 10:34:59,True
2024-01-15 10:37:55,True
2024-01-15 10:44:59,True
2024-01-15 10:45:32,True
2024-01-15 10:54:52,True
2024-01-15 10:59:02,True
2024-01-15 11:05:31,True
2024-01-15 11:09:38,True
2024-01-15 11:09:39,True
2024-01-15 11:12:37,True
2024-01-15 11:13:31,True
2024-01-15 11:15:59,True
2024-01-15 11:18:18,True
2024-01-15 11:20:29,True
2024-01-15 11:23:36,True
2024-01-15 11:23:52,True
2024-01-15 11:24:04,True
2024-01-15 11:25:00,True
2024-01-15 11:25:48,True
2024-01-15 11:29:23,True
2024-01-15 11:35:58,True
2024-01-15 11:38:09,True
2024-01-15 11:41:03,True
2024-01-15 11:41:13,True
2024-01-15 11:45:00,True
2024-01-15 11:47:09,True
2024-01-15 11:47:45,True
2024-01-15 11:52:12,True
2024-01-15 11:57:17,True
2024-01-15 12:02:17,True
2024-01-15 12:05:56,True
2024-01-15 12:07:30,True
2024-01-15 12:08:17,True
2024-01-15 12:09:24,True
2024-01-15 12:09:48,True
2024-01-15 12:14:09,True
2024-01-15 12:15:32,True
2024-01-15 12:16:40,True
2024-01-15 12:18:21,True
2024-01-15 12:21:00,True
2024-01-15 12:22:20,True
2024-01-15 12:34:35,True
2024-01-15 12:34:40,True
2024-01-15 12:35:46,True
2024-01-15 12:45:49,True
2024-01-15 12:45:57,True
2024-01-15 12:46:23,True
2024-01-15 12:48:56,True
2024-01-15 12:49:28,True
2024-01-15 12:58:56,True
2024-01-15 13:12:55,True
2024-01-15 13:14:45,True
2024-01-15 13:15:31,True
2024-01-15 13:21:34,True
2024-01-15 13:23:34,True
2024-01-15 13:24:11,True
2024-01-15 13:30:03,True
2024-01-15 13:31:59,True
2024-01-15 13:32:06,True
2024-01-15 13:32:17,True
2024-01-15 13:37:56,True
2024-01-15 13:39:50,True
2024-01-15 13:39:59,True
2024-01-15 13:40:02,True
2024-01-15 13:49:43,True
2024-01-15 13:49:51,True
2024-01-15 13:50:00,True
2024-01-15 13:50:55,True
2024-01-15 13:51:01,True
2024-01-15 13:52:04,True
2024-01-15 13:53:16,True
2024-01-15 13:54:49,True
2024-01-15 13:57:48,True
2024-01-15 14:03:09,True
2024-01-15 14:05:53,True
2024-01-15 14:07:22,True
2024-01-15 14:07:58,True
2024-01-15 14:08:18,True
2024-01-15 14:09:12,True
2024-01-15 14:09:46,True
2024-01-15 14:10:58,True
2024-01-15 14:16:50,True
2024-01-15 14:21:26,True
2024-01-15 14:25:16,True
2024-01-15 14:30:55,True
2024-01-15 14:38:35,True
2024-01-15 14:39:49,True
2024-01-15 14:40:35,True
2024-01-15 14:45:35,True
2024-01-15 14:46:28,True
2024-01-15 14:53:23,True
2024-01-15 14:54:38,True
2024-01-15 14:54:49,True
2024-01-15 14:57:19,True
2024-01-15 15:01:44,True
2024-01-15 15:07:01,True
2024-01-15 15:09:22,True
2024-01-15 15:09:54,True
2024-01-15 15:16:34,True
2024-01-15 15:21:05,True
2024-01-15 15:21:18,True
2024-01-15 15:24:15,True
2024-01-15 15:27:13,True
2024-01-15 15:28:25,True
2024-01-15 15:28:54,True
2024-01-15 15:30:01,True
2024-01-15 15:33:45,True
2024-01-15 15:35:25,True
2024-01-15 15:38:44,True
2024-01-15 15:39:01,True
2024-01-15 15:40:35,True
2024-01-15 15:43:37,True
2024-01-15 15:43:56,True
2024-01-15 15:44:18,True
2024-01-15 15:47:45,True
2024-01-15 15:51:17,True
2024-01-15 15:51:40,True
2024-01-15 15:52:28,True
2024-01-15 15:54:31,True
2024-01-15 16:01:50,True
2024-01-15 16:02:15,True
2024-01-15 16:03:19,True
2024-01-15 16:07:51,True
2024-01-15 16:08:33,True
2024-01-15 16:08:47,True
2024-01-15 16:12:24,True
2024-01-15 16:18:16,True
2024-01-15 16:22:17,True
2024-01-15 16:26:14,True
2024-01-15 16:27:40,True
2024-01-15 16:28:46,True
2024-01-15 16:31:24,True
2024-01-15 16:32:03,True
2024-01-15 16:32:18,True
2024-01-15 16:35:03,True
2024-01-15 16:40:42,True
2024-01-15 16:41:11,True
2024-01-15 16:41:43,True
2024-01-15 16:44:32,True
2024-01-15 16:46:30,True
2024-01-15 16:50:24,True
2024-01-15 16:51:11,True
2024-01-15 16:52:46,True
2024-01-15 16:59:20,True
2024-01-15 17:03:57,True
2024-01-15 17:08:19,True
2024-01-15 17:09:03,True
2024-01-15 17:15:01,True
2024-01-15 17:16:37,True
2024-01-15 17:31:12,True
2024-01-15 17:34:14,True
2024-01-15 17:34:28,True
2024-01-15 17:35:01,True
2024-01-15 17:39:31,True
2024-01-15 17:41:50,True
2024-01-15 17:43:46,True
2024-01-15 17:46:31,True
2024-01-15 17:51:37,True
2024-01-15 17:51:41,True
2024-01-15 18:01:38,True
2024-01-15 18:07:36,True
2024-01-15 18:14:39,True
2024-01-15 18:16:07,True
2024-01-15 18:23:02,True
2024-01-15 18:24:10,True
2024-01-15 18:28:18,True
2024-01-15 18:29:31,True
2024-01-15 18:31:23,True
2024-01-15 18:32:07,True
2024-01-15 18:35:40,True
2024-01-15 18:39:57,True
2024-01-15 18:43:56,True
2024-01-15 18:46:43,True
2024-01-15 18:52:25,True
2024-01-15 18:58:47,True
2024-01-15 19:01:55,True
2024-01-15 19:03:35,True
2024-01-15 19:05:47,True
2024-01-15 19:07:29,True
2024-01-15 19:07:47,True
2024-01-15 19:08:31,True
2024-01-15 19:10:47,True
2024-01-15 19:12:40,True
2024-01-15 19:18:30,True
2024-01-15 19:19:28,True
2024-01-15 19:19:45,True
2024-01-15 19:19:54,True
2024-01-15 19:24:38,True
2024-01-15 19:25:28,True
2024-01-15 19:30:18,True
2024-01-15 19:35:51,True
2024-01-15 19:38:57,True
2024-01-15 19:41:17,True
2024-01-15 19:48:12,True
2024-01-15 19:48:50,True
2024-01-15 19:58:52,True
2024-01-15 20:01:20,True
2024-01-15 20:03:06,True
2024-01-15 20:04:11,True
2024-01-15 20:07:10,True
2024-01-15 20:09:33,True
2024-01-15 20:10:35,True
2024-01-15 20:10:44,True
2024-01-15 20:11:23,True
2024-01-15 20:13:43,True
2024-01-15 20:14:09,True
2024-01-15 20:14:55,True
2024-01-15 20:17:37,True
2024-01-15 20:23:56,True
2024-01-15 20:25:39,True
2024-01-15 20:26:19,True
2024-01-15 20:27:16,True
2024-01-15 20:28:21,True
2024-01-15 20:29:24,True
2024-01-15 20:32:49,True
2024-01-15 20:34:17,True
2024-01-15 20:39:04,True
2024-01-15 20:39:23,True
2024-01-15 20:42:59,True
2024-01-15 20:43:15,True
2024-01-15 20:45:46,True
2024-01-15 20:50:41,True
2024-01-15 20:50:54,True
2024-01-15 20:54:56,True
2024-01-15 20:58:59,True
2024-01-15 21:03:49,True
2024-01-15 21:06:19,True
2024-01-15 21:07:06,True
2024-01-15 21:10:18,True
2024-01-15 21:10:57,True
2024-01-15 21:16:20,True
2024-01-15 21:20:35,True
2024-01-15 21:21:09,True
2024-01-15 21:22:00,True
2024-01-15 21:22:21,True
2024-01-15 21:25:36,True
2024-01-15 21:29:02,True
2024-01-15 21:30:39,True
2024-01-15 21:30:54,True
2024-01-15 21:32:03,True
2024-01-15 21:33:56,True
2024-01-15 21:34:04,True
2024-01-15 21:39:45,True
2024-01-15 21:47:59,True
2024-01-15 21:50:08,True
2024-01-15 21:51:44,True
2024-01-15 21:55:39,True
2024-01-15 21:56:49,True
2024-01-15 22:00:57,True
2024-01-15 22:04:21,True
2024-01-15 22:04:55,True
2024-01-15 22:08:31,True
2024-01-15 22:09:53,True
2024-01-15 22:16:56,True
2024-01-15 22:18:55,True
2024-01-15 22:20:23,True
2024-01-15 22:20:24,True
2024-01-15 22:21:20,True
2024-01-15 22:23:33,True
2024-01-15 22:27:30,True
2024-01-15 22:27:51,True
2024-01-15 22:32:43,True
2024-01-15 22:34:36,True
2024-01-15 22:36:48,True
2024-01-15 22:37:50,True
2024-01-15 22:38:33,True
2024-01-15 22:39:41,True
2024-01-15 22:40:16,True
2024-01-15 22:42:57,True
2024-01-15 22:44:47,True
2024-01-15 22:46:15,True
2024-01-15 22:47:27,True
2024-01-15 22:48:16,True
2024-01-15 22:49:44,True
2024-01-15 22:50:21,True
2024-01-15 22:53:42,True
2024-01-15 22:59:20,True
2024-01-15 22:59:58,True
2024-01-15 23:02:09,True
2024-01-15 23:05:51,True
2024-01-15 23:14:39,True
2024-01-15 23:17:11,True
2024-01-15 23:19:21,True
2024-01-15 23:19:29,True
2024-01-15 23:20:09,True
2024-01-15 23:24:11,True
2024-01-15 23:26:46,True
2024-01-15 23:31:36,True
2024-01-15 23:35:53,True
2024-01-15 23:37:09,True
2024-01-15 23:39:54,True
2024-01-15 23:41:39,True
2024-01-15 23:50:36,True
2024-01-15 23:52:43,True
2024-01-15 23:54:43,True
2024-01-15 23:55:41,True
2024-01-15 23:57:31,True
2024-01-16 00:01:14,True
2024-01-16 00:06:52,True
2024-01-16 00:07:19,True
2024-01-16 00:09:14,True
2024-01-16 00:15:09,True
2024-01-16 00:22:22,True
2024-01-16 00:26:12,True
2024-01-16 00:27:15,True
2024-01-16 00:30:40,True
2024-01-16 00:39:58,True
2024-01-16 00:40:35,True
2024-01-16 00:42:23,True
2024-01-16 00:43:23,True
2024-01-16 00:43:25,True
2024-01-16 00:44:44,True
2024-01-16 00:46:40,True
2024-01-16 00:55:09,True
2024-01-16 01:02:53,True
2024-01-16 01:03:47,True
2024-01-16 01:05:07,True
2024-01-16 01:08:17,True
2024-01-16 01:08:22,True
2024-01-16 01:10:00,True
2024-01-16 01:11:36,True
2024-01-16 01:11:51,True
2024-01-16 01:15:23,True
2024-01-16 01:16:27,True
2024-01-16 01:16:36,True
2024-01-16 01:17:07,True
2024-01-16 01:19:13,True
2024-01-16 01:19:22,True
2024-01-16 01:22:31,True
2024-01-16 01:23:28,True
2024-01-16 01:26:29,True
2024-01-16 01:33:34,True
2024-01-16 01:33:49,True
2024-01-16 01:34:30,True
2024-01-16 01:35:27,True
2024-01-16 01:36:19,True
2024-01-16 01:41:01,True
2024-01-16 01:42:00,True
2024-01-16 01:46:01,True
2024-01-16 01:50:18,True
2024-01-16 01:52:35,True
2024-01-16 01:55:10,True
2024-01-16 02:00:33,True
2024-01-16 02:03:18,True
2024-01-16 02:03:33,True
2024-01-16 02:04:25,True
2024-01-16 02:04:49,True
2024-01-16 02:08:35,True
2024-01-16 02:10:25,True
2024-01-16 02:10:59,True
2024-01-16 02:14:05,True
2024-01-16 02:20:58,True
2024-01-16 02:30:03,True
2024-01-16 02:36:52,True
2024-01-16 02:40:05,True
2024-01-16 02:43:06,True
2024-01-16 02:46:19,True
2024-01-16 02:48:57,True
2024-01-16 02:49:33,True
2024-01-16 02:52:05,True
2024-01-16 02:53:47,True
2024-01-16 02:53:52,True
2024-01-16 02:55:27,True
2024-01-16 03:06:56,True
2024-01-16 03:09:13,True
2024-01-16 03:15:54,True
2024-01-16 03:18:22,True
2024-01-16 03:20:44,True
2024-01-16 03:30:30,True
2024-01-16 03:37:03,True
2024-01-16 03:37:32,True
2024-01-16 03:38:43,True
2024-01-16 03:39:07,True
2024-01-16 03:40:46,True
2024-01-16 03:41:05,True
2024-01-16 03:45:03,True
2024-01-16 03:51:37,True
2024-01-16 03:52:19,True
2024-01-16 03:53:08,True
2024-01-16 03:53:41,True
2024-01-16 03:58:26,True
2024-01-16 04:00:22,True
2024-01-16 04:00:51,True
2024-01-16 04:01:29,True
2024-01-16 04:05:09,True
2024-01-16 04:07:48,True
2024-01-16 04:07:51,True
2024-01-16 04:09:50,True
2024-01-16 04:17:54,True
2024-01-16 04:18:54,True
2024-01-16 04:20:01,True
2024-01-16 04:22:53,True
2024-01-16 04:30:07,True
2024-01-16 04:33:58,True
2024-01-16 04:36:46,True
2024-01-16 04:37:28,True
2024-01-16 04:39:10,True
2024-01-16 04:42:09,True
2024-01-16 04:42:14,True
2024-01-16 04:46:25,True
2024-01-16 04:55:44,True
2024-01-16 04:56:29,True
2024-01-16 04:57:29,True
2024-01-16 05:00:13,True
2024-01-16 05:07:32,True
2024-01-16 05:08:52,True
2024-01-16 05:15:32,True
2024-01-16 05:19:05,True
2024-01-16 05:25:10,True
2024-01-16 05:26:14,True
2024-01-16 05:26:51,True
2024-01-16 05:27:14,True
2024-01-16 05:27:29,True
2024-01-16 05:27:32,True
2024-01-16 05:27:35,True
2024-01-16 05:50:15,True
2024-01-16 05:51:11,True
2024-01-16 05:52:28,True
2024-01-16 05:52:46,True
2024-01-16 06:01:32,True
2024-01-16 06:02:24,True
2024-01-16 06:03:26,True
2024-01-16 06:06:59,True
2024-01-16 06:07:46,True
2024-01-16 06:16:36,True
2024-01-16 06:17:52,True
2024-01-16 06:20:20,True
2024-01-16 06:21:33,True
2024-01-16 06:22:09,True
2024-01-16 06:24:20,True
2024-01-16 06:24:28,True
2024-01-16 06:25:09,True
2024-01-16 06:28:19,True
2024-01-16 06:29:07,True
2024-01-16 06:29:32,True
2024-01-16 06:29:52,True
2024-01-16 06:33:17,True
2024-01-16 06:39:46,True
2024-01-16 06:40:29,True
2024-01-16 06:49:51,True
2024-01-16 06:54:50,True
2024-01-16 06:57:31,True
2024-01-16 06:58:23,True
2024-01-16 06:58:31,True
2024-01-16 06:58:50,True
2024-01-16 07:00:42,True
2024-01-16 07:06:17,True
2024-01-16 07:10:30,True
2024-01-16 07:11:37,True
2024-01-16 07:19:01,True
2024-01-16 07:21:05,True
2024-01-16 07:21:37,True
2024-01-16 07:26:06,True
2024-01-16 07:28:24,True
2024-01-16 07:30:47,True
2024-01-16 07:30:57,True
2024-01-16 07:32:29,True
2024-01-16 07:49:39,True
2024-01-16 07:50:07,True
2024-01-16 07:52:06,True
2024-01-16 07:57:34,True
2024-01-16 07:58:35,True
2024-01-16 07:59:04,True
2024-01-16 07:59:08,True
2024-01-16 08:02:48,True
2024-01-16 08:08:13,True
2024-01-16 08:20:46,True
2024-01-16 08:20:54,True
2024-01-16 08:32:27,True
2024-01-16 08:33:51,True
2024-01-16 08:36:54,True
2024-01-16 08:38:16,True
2024-01-16 08:38:47,True
2024-01-16 08:46:28,True
2024-01-16 08:55:13,True
2024-01-16 09:00:26,True
2024-01-16 09:01:49,True
2024-01-16 09:03:35,True
2024-01-16 09:03:59,True
2024-01-16 09:05:22,True
2024-01-16 09:07:16,True
2024-01-16 09:10:42,True
2024-01-16 09:11:39,True
2024-01-16 09:12:48,True
2024-01-16 09:13:21,True
2024-01-16 09:15:19,True
2024-01-16 09:17:00,True
2024-01-16 09:22:11,True
2024-01-16 09:22:47,True
2024-01-16 09:22:50,True
2024-01-16 09:26:44,True
2024-01-16 09:27:21,True
2024-01-16 09:32:18,True
2024-01-16 09:35:32,True
2024-01-16 09:42:59,True
2024-01-16 09:43:03,True
2024-01-16 09:43:40,True
2024-01-16 09:44:20,True
2024-01-16 09:47:38,True
2024-01-16 09:47:56,True
2024-01-16 09:52:36,True
2024-01-16 10:01:36,True
2024-01-16 10:03:39,True
2024-01-16 10:04:59,True
2024-01-16 10:05:03,True
2024-01-16 10:06:17,True
2024-01-16 10:07:58,True
2024-01-16 10:11:06,True
2024-01-16 10:11:34,True
2024-01-16 10:12:31,True
2024-01-16 10:16:04,True
2024-01-16 10:18:30,True
2024-01-16 10:21:39,True
2024-01-16 10:24:12,True
2024-01-16 10:27:42,True
2024-01-16 10:28:12,True
2024-01-16 10:29:19,True
2024-01-16 10:31:43,True
2024-01-16 10:32:52,True
2024-01-16 10:37:55,True
2024-01-16 10:42:06,True
2024-01-16 10:43:21,True
2024-01-16 10:44:14,True
2024-01-16 10:44:58,True
2024-01-16 10:46:36,True
2024-01-16 10:48:44,True
2024-01-16 10:49:53,True
2024-01-16 10:51:52,True
2024-01-16 10:55:22,True
2024-01-16 10:58:08,True
2024-01-16 10:58:21,True
2024-01-16 10:59:28,True
2024-01-16 11:01:34,True
2024-01-16 11:02:00,True
2024-01-16 11:02:31,True
2024-01-16 11:02:39,True
2024-01-16 11:04:02,True
2024-01-16 11:08:17,True
2024-01-16 11:17:35,True
2024-01-16 11:19:18,True
2024-01-16 11:20:06,True
2024-01-16 11:21:24,True
2024-01-16 11:25:19,True
2024-01-16 11:26:15,True
2024-01-16 11:31:10,True
2024-01-16 11:37:46,True
2024-01-16 11:38:18,True
2024-01-16 11:38:44,True
2024-01-16 11:44:46,True
2024-01-16 11:46:24,True
2024-01-16 11:48:14,True
2024-01-16 11:51:50,True
2024-01-16 11:52:04,True
2024-01-16 11:53:10,True
2024-01-16 11:53:20,True
2024-01-16 11:54:37,True
2024-01-16 12:01:28,True
2024-01-16 12:05:33,True
2024-01-16 12:08:02,True
2024-01-16 12:13:11,True
2024-01-16 12:18:22,True
2024-01-16 12:20:05,True
2024-01-16 12:21:35,True
2024-01-16 12:39:54,True
2024-01-16 12:41:32,True
2024-01-16 12:42:28,True
2024-01-16 12:43:09,True
2024-01-16 12:45:42,True
2024-01-16 12:51:43,True
2024-01-16 12:51:58,True
2024-01-16 12:52:34,True
2024-01-16 12:53:06,True
2024-01-16 12:54:34,True
2024-01-16 12:58:45,True
2024-01-16 12:59:07,True
2024-01-16 12:59:31,True
2024-01-16 13:02:21,True
2024-01-16 13:04:43,True
2024-01-16 13:06:25,True
2024-01-16 13:11:55,True
2024-01-16 13:12:28,True
2024-01-16 13:14:00,True
2024-01-16 13:18:23,True
2024-01-16 13:24:06,True
2024-01-16 13:25:59,True
2024-01-16 13:27:26,True
2024-01-16 13:33:01,True
2024-01-16 13:41:03,True
2024-01-16 13:42:48,True
2024-01-16 13:45:40,True
2024-01-16 13:49:26,True
2024-01-16 13:50:47,True
2024-01-16 13:53:21,True
2024-01-16 14:07:28,True
2024-01-16 14:12:10,True
2024-01-16 14:15:27,True
2024-01-16 14:18:12,True
2024-01-16 14:22:39,True
2024-01-16 14:33:35,True
2024-01-16 14:33:58,True
2024-01-16 14:34:02,True
2024-01-16 14:36:27,True
2024-01-16 14:38:32,True
2024-01-16 14:43:35,True
2024-01-16 14:44:56,True
2024-01-16 14:46:10,True
2024-01-16 14:50:10,True
2024-01-16 14:50:49,True
2024-01-16 14:58:13,True
2024-01-16 15:00:03,True
2024-01-16 15:03:35,True
2024-01-16 15:07:21,True
2024-01-16 15:09:30,True
2024-01-16 15:09:52,True
2024-01-16 15:15:37,True
2024-01-16 15:15:43,True
2024-01-16 15:22:53,True
2024-01-16 15:26:52,True
2024-01-16 15:28:02,True
2024-01-16 15:31:14,True
2024-01-16 15:31:37,True
2024-01-16 15:40:52,True
2024-01-16 15:46:38,True
2024-01-16 15:52:24,True
2024-01-16 15:56:54,True
2024-01-16 16:00:34,True
2024-01-16 16:01:13,True
2024-01-16 16:03:13,True
2024-01-16 16:05:02,True
2024-01-16 16:05:21,True
2024-01-16 16:06:36,True
2024-01-16 16:13:40,True
2024-01-16 16:15:39,True
2024-01-16 16:16:27,True
2024-01-16 16:20:16,True
2024-01-16 16:25:55,True
2024-01-16 16:27:30,True
2024-01-16 16:27:53,True
2024-01-16 16:32:00,True
2024-01-16 16:32:54,True
2024-01-16 16:33:35,True
2024-01-16 16:36:07,True
2024-01-16 16:36:51,True
2024-01-16 16:37:00,True
2024-01-16 16:37:58,True
2024-01-16 16:45:19,True
2024-01-16 16:46:08,True
2024-01-16 16:46:15,True
2024-01-16 16:47:22,True
2024-01-16 16:55:07,True
2024-01-16 17:04:40,True
2024-01-16 17:10:25,True
2024-01-16 17:11:15,True
2024-01-16 17:14:04,True
2024-01-16 17:15:00,True
2024-01-16 17:15:55,True
2024-01-16 17:18:09,True
2024-01-16 17:19:50,True
2024-01-16 17:20:32,True
2024-01-16 17:22:40,True
2024-01-16 17:23:05,True
2024-01-16 17:23:53,True
2024-01-16 17:27:46,True
2024-01-16 17:28:45,True
2024-01-16 17:34:14,True
2024-01-16 17:34:24,True
2024-01-16 17:34:51,True
2024-01-16 17:35:44,True
2024-01-16 17:36:40,True
2024-01-16 17:38:00,True
2024-01-16 17:48:09,True
2024-01-16 17:49:16,True
2024-01-16 17:54:27,True
2024-01-16 17:58:31,True
2024-01-16 18:00:55,True
2024-01-16 18:10:35,True
2024-01-16 18:17:01,True
2024-01-16 18:18:38,True
2024-01-16 18:21:31,True
2024-01-16 18:26:47,True
2024-01-16 18:28:45,True
2024-01-16 18:32:43,True
2024-01-16 18:35:06,True
2024-01-16 18:43:18,True
2024-01-16 18:44:13,True
2024-01-16 18:46:25,True
2024-01-16 18:48:31,True
2024-01-16 18:51:39,True
2024-01-16 18:53:22,True
2024-01-16 18:53:24,True
2024-01-16 18:53:49,True
2024-01-16 18:54:44,True
2024-01-16 18:56:05,True
2024-01-16 18:56:34,True
2024-01-16 18:56:47,True
2024-01-16 18:59:49,True
2024-01-16 19:01:31,True
2024-01-16 19:01:41,True
2024-01-16 19:03:50,True
2024-01-16 19:05:49,True
2024-01-16 19:08:34,True
2024-01-16 19:16:09,True
2024-01-16 19:18:36,True
2024-01-16 19:28:15,True
2024-01-16 19:30:12,True
2024-01-16 19:30:41,True
2024-01-16 19:30:53,True
2024-01-16 19:32:47,True
2024-01-16 19:36:36,True
2024-01-16 19:38:31,True
2024-01-16 19:39:20,True
2024-01-16 19:41:17,True
2024-01-16 19:42:54,True
2024-01-16 19:42:56,True
2024-01-16 19:45:46,True
2024-01-16 19:48:37,True
2024-01-16 19:50:00,True
2024-01-16 19:51:40,True
2024-01-16 19:52:11,True
2024-01-16 19:52:25,True
2024-01-16 19:52:35,True
2024-01-16 19:53:45,True
2024-01-16 19:55:53,True
2024-01-16 19:58:07,True
2024-01-16 19:58:17,True
2024-01-16 19:58:28,True
2024-01-16 20:00:33,True
2024-01-16 20:04:28,True
2024-01-16 20:09:05,True
2024-01-16 20:11:00,True
2024-01-16 20:13:48,True
2024-01-16 20:15:09,True
2024-01-16 20:16:31,True
2024-01-16 20:20:12,True
2024-01-16 20:21:03,True
2024-01-16 20:24:30,True
2024-01-16 20:26:18,True
2024-01-16 20:27:36,True
2024-01-16 20:28:10,True
2024-01-16 20:28:27,True
2024-01-16 20:29:43,True
2024-01-16 20:31:29,True
2024-01-16 20:32:06,True
2024-01-16 20:39:03,True
2024-01-16 20:39:13,True
2024-01-16 20:48:12,True
2024-01-16 20:52:48,True
2024-01-16 20:53:16,True
2024-01-16 20:53:23,True
2024-01-16 20:56:27,True
2024-01-16 20:57:32,True
2024-01-16 20:58:20,True
2024-01-16 20:59:24,True
2024-01-16 21:02:35,True
2024-01-16 21:02:39,True
2024-01-16 21:04:15,True
2024-01-16 21:04:50,True
2024-01-16 21:06:02,True
2024-01-16 21:08:13,True
2024-01-16 21:11:44,True
2024-01-16 21:14:39,True
2024-01-16 21:19:23,True
2024-01-16 21:24:17,True
2024-01-16 21:25:49,True
2024-01-16 21:26:01,True
2024-01-16 21:27:09,True
2024-01-16 21:27:54,True
2024-01-16 21:28:56,True
2024-01-16 21:30:24,True
2024-01-16 21:36:50,True
2024-01-16 21:38:03,True
2024-01-16 21:38:42,True
2024-01-16 21:39:45,True
2024-01-16 21:42:33,True
2024-01-16 21:45:37,True
2024-01-16 21:46:50,True
2024-01-16 21:46:54,True
2024-01-16 21:47:41,True
2024-01-16 21:48:38,True
2024-01-16 22:00:10,True
2024-01-16 22:00:23,True
2024-01-16 22:02:48,True
2024-01-16 22:05:00,True
2024-01-16 22:05:25,True
2024-01-16 22:08:57,True
2024-01-16 22:10:01,True
2024-01-16 22:11:29,True
2024-01-16 22:14:33,True
2024-01-16 22:14:50,True
2024-01-16 22:16:50,True
2024-01-16 22:20:23,True
2024-01-16 22:22:35,True
2024-01-16 22:24:23,True
2024-01-16 22:27:53,True
2024-01-16 22:29:20,True
2024-01-16 22:30:52,True
2024-01-16 22:31:20,True
2024-01-16 22:32:35,True
2024-01-16 22:34:15,True
2024-01-16 22:35:07,True
2024-01-16 22:35:37,True
2024-01-16 22:35:55,True
2024-01-16 22:38:48,True
2024-01-16 22:39:44,True
2024-01-16 22:40:26,True
2024-01-16 22:41:07,True
2024-01-16 22:50:17,True
2024-01-16 22:53:43,True
2024-01-16 22:55:53,True
2024-01-16 23:00:32,True
2024-01-16 23:01:16,True
2024-01-16 23:01:19,True
2024-01-16 23:03:03,True
2024-01-16 23:05:26,True
2024-01-16 23:10:01,True
2024-01-16 23:10:23,True
2024-01-16 23:13:29,True
2024-01-16 23:13:31,True
2024-01-16 23:15:42,True
2024-01-16 23:20:47,True
2024-01-16 23:27:04,True
2024-01-16 23:27:14,True
2024-01-16 23:29:14,True
2024-01-16 23:34:30,True
2024-01-16 23:45:41,True
2024-01-16 23:46:57,True
2024-01-16 23:52:48,True
2024-01-16 23:52:52,True
2024-01-16 23:55:35,True
2024-01-16 23:58:42,True
2024-01-17 00:00:09,True
2024-01-17 00:01:01,True
2024-01-17 00:02:03,True
2024-01-17 00:03:41,True
2024-01-17 00:04:46,True
2024-01-17 00:04:54,True
2024-01-17 00:05:49,True
2024-01-17 00:12:59,True
2024-01-17 00:15:30,True
2024-01-17 00:19:59,True
2024-01-17 00:20:10,True
2024-01-17 00:24:10,True
2024-01-17 00:24:30,True
2024-01-17 00:25:34,True
2024-01-17 00:30:14,True
2024-01-17 00:31:12,True
2024-01-17 00:32:19,True
2024-01-17 00:37:37,True
2024-01-17 00:42:31,True
2024-01-17 00:45:41,True
2024-01-17 00:46:54,True
2024-01-17 00:48:36,True
2024-01-17 00:53:21,True
2024-01-17 00:54:15,True
2024-01-17 00:54:39,True
2024-01-17 01:02:38,True
2024-01-17 01:06:51,True
2024-01-17 01:14:48,True
2024-01-17 01:15:08,True
2024-01-17 01:16:38,True
2024-01-17 01:20:55,True
2024-01-17 01:21:46,True
2024-01-17 01:23:22,True
2024-01-17 01:28:13,True
2024-01-17 01:28:37,True
2024-01-17 01:31:08,True
2024-01-17 01:35:51,True
2024-01-17 01:35:59,True
2024-01-17 01:36:26,True
2024-01-17 01:38:16,True
2024-01-17 01:46:34,True
2024-01-17 01:47:06,True
2024-01-17 01:47:40,True
2024-01-17 01:48:48,True
2024-01-17 01:50:20,True
2024-01-17 01:51:24,True
2024-01-17 01:54:07,True
2024-01-17 01:57:39,True
2024-01-17 02:01:55,True
2024-01-17 02:05:40,True
2024-01-17 02:05:56,True
2024-01-17 02:08:03,True
2024-01-17 02:10:31,True
2024-01-17 02:17:11,True
2024-01-17 02:17:15,True
2024-01-17 02:17:20,True
2024-01-17 02:18:49,True
2024-01-17 02:18:58,True
2024-01-17 02:29:15,True
2024-01-17 02:32:40,True
2024-01-17 02:36:48,True
2024-01-17 02:38:42,True
2024-01-17 02:43:03,True
2024-01-17 02:44:24,True
2024-01-17 02:45:39,True
2024-01-17 02:45:48,True
2024-01-17 02:47:06,True
2024-01-17 02:47:42,True
2024-01-17 02:50:54,True
2024-01-17 02:51:41,True
2024-01-17 02:52:49,True
2024-01-17 02:54:17,True
2024-01-17 03:02:12,True
2024-01-17 03:06:10,True
2024-01-17 03:09:44,True
2024-01-17 03:11:53,True
2024-01-17 03:12:17,True
2024-01-17 03:13:24,True
2024-01-17 03:14:52,True
2024-01-17 03:15:07,True
2024-01-17 03:15:39,True
2024-01-17 03:16:06,True
2024-01-17 03:21:08,True
2024-01-17 03:21:12,True
2024-01-17 03:26:08,True
2024-01-17 03:29:17,True
2024-01-17 03:29:27,True
2024-01-17 03:33:13,True
2024-01-17 03:34:54,True
2024-01-17 03:36:45,True
2024-01-17 03:39:54,True
2024-01-17 03:43:16,True
2024-01-17 03:50:41,True
2024-01-17 03:50:55,True
2024-01-17 03:56:32,True
2024-01-17 03:57:18,True
2024-01-17 04:04:59,True
2024-01-17 04:06:53,True
2024-01-17 04:09:23,True
2024-01-17 04:12:30,True
2024-01-17 04:16:39,True
2024-01-17 04:16:42,True
2024-01-17 04:18:04,True
2024-01-17 04:20:33,True
2024-01-17 04:24:19,True
2024-01-17 04:26:32,True
2024-01-17 04:31:17,True
2024-01-17 04:55:28,True
2024-01-17 04:57:14,True
2024-01-17 04:59:21,True
2024-01-17 05:01:29,True
2024-01-17 05:04:00,True
2024-01-17 05:06:56,True
2024-01-17 05:07:37,True
2024-01-17 05:09:49,True
2024-01-17 05:10:25,True
2024-01-17 05:12:20,True
2024-01-17 05:13:14,True
2024-01-17 05:13:44,True
2024-01-17 05:15:15,True
2024-01-17 05:18:00,True
2024-01-17 05:18:05,True
2024-01-17 05:18:45,True
2024-01-17 05:21:59,True
2024-01-17 05:22:02,True
2024-01-17 05:22:36,True
2024-01-17 05:26:30,True
2024-01-17 05:29:47,True
2024-01-17 05:31:43,True
2024-01-17 05:35:57,True
2024-01-17 05:36:01,True
2024-01-17 05:39:40,True
2024-01-17 05:46:21,True
2024-01-17 05:55:48,True
2024-01-17 06:00:39,True
2024-01-17 06:01:02,True
2024-01-17 06:01:23,True
2024-01-17 06:08:18,True
2024-01-17 06:09:59,True
2024-01-17 06:14:16,True
2024-01-17 06:17:28,True
2024-01-17 06:22:55,True
2024-01-17 06:29:38,True
2024-01-17 06:29:44,True
2024-01-17 06:29:50,True
2024-01-17 06:30:07,True
2024-01-17 06:34:34,True
2024-01-17 06:35:56,True
2024-01-17 06:41:24,True
2024-01-17 06:42:10,True
2024-01-17 06:44:50,True
2024-01-17 06:51:19,True
2024-01-17 06:51:23,True
2024-01-17 06:52:06,True
2024-01-17 06:52:36,True
2024-01-17 06:55:14,True
2024-01-17 07:01:51,True
2024-01-17 07:04:12,True
2024-01-17 07:05:57,True
2024-01-17 07:09:10,True
2024-01-17 07:09:35,True
2024-01-17 07:10:25,True
2024-01-17 07:11:48,True
2024-01-17 07:12:35,True
2024-01-17 07:15:54,True
2024-01-17 07:17:33,True
2024-01-17 07:19:06,True
2024-01-17 07:27:05,True
2024-01-17 07:27:25,True
2024-01-17 07:30:30,True
2024-01-17 07:31:08,True
2024-01-17 07:31:51,True
2024-01-17 07:37:36,True
2024-01-17 07:42:35,True
2024-01-17 07:51:16,True
2024-01-17 08:00:45,True
2024-01-17 08:05:38,True
2024-01-17 08:10:04,True
2024-01-17 08:16:16,True
2024-01-17 08:18:09,True
2024-01-17 08:19:22,True
2024-01-17 08:27:35,True
2024-01-17 08:28:39,True
2024-01-17 08:30:39,True
2024-01-17 08:36:28,True
2024-01-17 08:37:19,True
2024-01-17 08:37:50,True
2024-01-17 08:44:04,True
2024-01-17 08:47:36,True
2024-01-17 08:47:56,True
2024-01-17 08:48:05,True
2024-01-17 08:53:11,True
2024-01-17 08:55:49,True
2024-01-17 09:00:22,True
2024-01-17 09:01:53,True
2024-01-17 09:08:37,True
2024-01-17 09:13:17,True
2024-01-17 09:14:55,True
2024-01-17 09:16:38,True
2024-01-17 09:19:34,True
2024-01-17 09:21:25,True
2024-01-17 09:21:45,True
2024-01-17 09:24:17,True
2024-01-17 09:31:04,True
2024-01-17 09:36:08,True
2024-01-17 09:37:42,True
2024-01-17 09:41:34,True
2024-01-17 09:43:08,True
2024-01-17 09:45:23,True
2024-01-17 09:46:39,True
2024-01-17 09:50:29,True
2024-01-17 09:50:46,True
2024-01-17 09:53:02,True
2024-01-17 09:53:29,True
2024-01-17 09:58:49,True
2024-01-17 10:04:47,True
2024-01-17 10:14:30,True
2024-01-17 10:15:45,True
2024-01-17 10:16:41,True
2024-01-17 10:16:56,True
2024-01-17 10:18:14,True
2024-01-17 10:21:47,True
2024-01-17 10:22:14,True
2024-01-17 10:22:44,True
2024-01-17 10:23:00,True
2024-01-17 10:23:28,True
2024-01-17 10:23:57,True
2024-01-17 10:26:29,True
2024-01-17 10:33:54,True
2024-01-17 10:38:25,True
2024-01-17 10:43:11,True
2024-01-17 10:45:16,True
2024-01-17 10:45:41,True
2024-01-17 10:49:32,True
2024-01-17 10:50:43,True
2024-01-17 10:51:05,True
2024-01-17 10:53:07,True
2024-01-17 10:58:14,True
2024-01-17 11:00:25,True
2024-01-17 11:03:02,True
2024-01-17 11:04:25,True
2024-01-17 11:04:44,True
2024-01-17 11:05:54,True
2024-01-17 11:08:10,True
2024-01-17 11:10:15,True
2024-01-17 11:11:48,True
2024-01-17 11:12:07,True
2024-01-17 11:14:00,True
2024-01-17 11:17:01,True
2024-01-17 11:17:21,True
2024-01-17 11:20:09,True
2024-01-17 11:20:56,True
2024-01-17 11:22:07,True
2024-01-17 11:23:35,True
2024-01-17 11:24:15,True
2024-01-17 11:26:52,True
2024-01-17 11:27:20,True
2024-01-17 11:29:35,True
2024-01-17 11:33:00,True
2024-01-17 11:33:43,True
2024-01-17 11:34:24,True
2024-01-17 11:37:01,True
2024-01-17 11:37:26,True
2024-01-17 11:40:56,True
2024-01-17 11:42:34,True
2024-01-17 11:47:05,True
2024-01-17 11:47:59,True
2024-01-17 11:57:25,True
2024-01-17 11:58:50,True
2024-01-17 12:01:56,True
2024-01-17 12:02:51,True
2024-01-17 12:04:00,True
2024-01-17 12:04:12,True
2024-01-17 12:08:44,True
2024-01-17 12:08:56,True
2024-01-17 12:09:41,True
2024-01-17 12:15:10,True
2024-01-17 12:15:46,True
2024-01-17 12:23:53,True
2024-01-17 12:27:49,True
2024-01-17 12:34:11,True
2024-01-17 12:37:57,True
2024-01-17 12:40:20,True
2024-01-17 12:41:03,True
2024-01-17 12:41:57,True
2024-01-17 12:46:44,True
2024-01-17 12:46:46,True
2024-01-17 12:54:27,True
2024-01-17 12:54:43,True
2024-01-17 12:55:04,True
2024-01-17 13:04:19,True
2024-01-17 13:06:18,True
2024-01-17 13:07:53,True
2024-01-17 13:18:15,True
2024-01-17 13:18:33,True
2024-01-17 13:19:01,True
2024-01-17 13:19:02,True
2024-01-17 13:21:21,True
2024-01-17 13:21:46,True
2024-01-17 13:21:49,True
2024-01-17 13:23:05,True
2024-01-17 13:25:17,True
2024-01-17 13:29:11,True
2024-01-17 13:29:49,True
2024-01-17 13:30:03,True
2024-01-17 13:32:39,True
2024-01-17 13:33:58,True
2024-01-17 13:37:15,True
2024-01-17 13:38:25,True
2024-01-17 13:40:44,True
2024-01-17 13:43:32,True
2024-01-17 13:52:09,True
2024-01-17 13:53:16,True
2024-01-17 13:57:14,True
2024-01-17 13:57:36,True
2024-01-17 13:58:12,True
2024-01-17 14:01:02,True
2024-01-17 14:02:20,True
2024-01-17 14:04:34,True
2024-01-17 14:07:18,True
2024-01-17 14:12:51,True
2024-01-17 14:17:21,True
2024-01-17 14:17:54,True
2024-01-17 14:18:41,True
2024-01-17 14:20:52,True
2024-01-17 14:21:41,True
2024-01-17 14:28:10,True
2024-01-17 14:31:42,True
2024-01-17 14:31:46,True
2024-01-17 14:33:03,True
2024-01-17 14:35:11,True
2024-01-17 14:35:18,True
2024-01-17 14:35:41,True
2024-01-17 14:40:05,True
2024-01-17 14:42:43,True
2024-01-17 14:46:20,True
2024-01-17 14:46:46,True
2024-01-17 14:49:34,True
2024-01-17 14:51:02,True
2024-01-17 14:52:10,True
2024-01-17 14:55:24,True
2024-01-17 15:01:46,True
2024-01-17 15:02:52,True
2024-01-17 15:09:11,True
2024-01-17 15:11:56,True
2024-01-17 15:15:23,True
2024-01-17 15:18:34,True
2024-01-17 15:26:00,True
2024-01-17 15:28:39,True
2024-01-17 15:31:15,True
2024-01-17 15:31:35,True
2024-01-17 15:35:41,True
2024-01-17 15:36:43,True
2024-01-17 15:45:50,True
2024-01-17 15:46:38,True
2024-01-17 15:47:55,True
2024-01-17 15:48:13,True
2024-01-17 15:48:18,True
2024-01-17 15:51:29,True
2024-01-17 15:53:12,True
2024-01-17 15:54:16,True
2024-01-17 15:55:27,True
2024-01-17 15:55:56,True
2024-01-17 15:58:25,True
2024-01-17 16:03:26,True
2024-01-17 16:07:55,True
2024-01-17 16:09:41,True
2024-01-17 16:12:48,True
2024-01-17 16:14:46,True
2024-01-17 16:15:42,True
2024-01-17 16:16:18,True
2024-01-17 16:20:43,True
2024-01-17 16:26:45,True
2024-01-17 16:29:08,True
2024-01-17 16:34:00,True
2024-01-17 16:36:34,True
2024-01-17 16:39:02,True
2024-01-17 16:42:01,True
2024-01-17 16:43:29,True
2024-01-17 16:44:58,True
2024-01-17 16:45:40,True
2024-01-17 16:46:58,True
2024-01-17 16:48:06,True
2024-01-17 17:07:21,True
2024-01-17 17:08:49,True
2024-01-17 17:10:08,True
2024-01-17 17:11:24,True
2024-01-17 17:12:47,True
2024-01-17 17:17:53,True
2024-01-17 17:20:35,True
2024-01-17 17:22:51,True
2024-01-17 17:24:43,True
2024-01-17 17:28:29,True
2024-01-17 17:40:52,True
2024-01-17 17:43:09,True
2024-01-17 17:44:54,True
2024-01-17 17:44:59,True
2024-01-17 17:46:26,True
2024-01-17 17:46:59,True
2024-01-17 17:47:23,True
2024-01-17 17:51:05,True
2024-01-17 17:52:04,True
2024-01-17 17:54:42,True
2024-01-17 17:55:18,True
2024-01-17 17:55:50,True
2024-01-17 17:56:07,True
2024-01-17 18:03:10,True
2024-01-17 18:04:04,True
2024-01-17 18:04:31,True
2024-01-17 18:05:05,True
2024-01-17 18:08:39,True
2024-01-17 18:14:05,True
2024-01-17 18:20:26,True
2024-01-17 18:26:46,True
2024-01-17 18:27:05,True
2024-01-17 18:28:18,True
2024-01-17 18:30:35,True
2024-01-17 18:37:21,True
2024-01-17 18:38:18,True
2024-01-17 18:38:19,True
2024-01-17 18:39:15,True
2024-01-17 18:42:55,True
2024-01-17 18:44:35,True
2024-01-17 18:47:13,True
2024-01-17 18:49:35,True
2024-01-17 18:51:11,True
2024-01-17 18:52:28,True
2024-01-17 18:57:34,True
2024-01-17 19:00:55,True
2024-01-17 19:01:01,True
2024-01-17 19:03:40,True
2024-01-17 19:06:29,True
2024-01-17 19:09:25,True
2024-01-17 19:12:24,True
2024-01-17 19:12:27,True
2024-01-17 19:14:36,True
2024-01-17 19:15:37,True
2024-01-17 19:16:09,True
2024-01-17 19:18:41,True
2024-01-17 19:24:13,True
2024-01-17 19:25:22,True
2024-01-17 19:30:38,True
2024-01-17 19:34:04,True
2024-01-17 19:34:56,True
2024-01-17 19:35:05,True
2024-01-17 19:36:53,True
2024-01-17 19:37:35,True
2024-01-17 19:48:12,True
2024-01-17 19:57:50,True
2024-01-17 19:58:49,True
2024-01-17 20:00:24,True
2024-01-17 20:00:49,True
2024-01-17 20:02:56,True
2024-01-17 20:06:44,True
2024-01-17 20:08:30,True
2024-01-17 20:08:58,True
2024-01-17 20:11:38,True
2024-01-17 20:12:24,True
2024-01-17 20:13:25,True
2024-01-17 20:18:02,True
2024-01-17 20:18:41,True
2024-01-17 20:19:05,True
2024-01-17 20:19:55,True
2024-01-17 20:21:30,True
2024-01-17 20:23:33,True
2024-01-17 20:28:40,True
2024-01-17 20:38:12,True
2024-01-17 20:41:24,True
2024-01-17 20:41:48,True
2024-01-17 20:43:37,True
2024-01-17 20:45:24,True
2024-01-17 20:45:37,True
2024-01-17 20:46:08,True
2024-01-17 20:46:22,True
2024-01-17 20:49:58,True
2024-01-17 20:51:27,True
2024-01-17 20:52:53,True
2024-01-17 21:00:27,True
2024-01-17 21:02:01,True
2024-01-17 21:02:43,True
2024-01-17 21:08:09,True
2024-01-17 21:15:28,True
2024-01-17 21:16:19,True
2024-01-17 21:18:14,True
2024-01-17 21:18:28,True
2024-01-17 21:19:11,True
2024-01-17 21:22:03,True
2024-01-17 21:24:04,True
2024-01-17 21:25:07,True
2024-01-17 21:34:09,True
2024-01-17 21:37:34,True
2024-01-17 21:38:51,True
2024-01-17 21:45:47,True
2024-01-17 21:58:32,True
2024-01-17 22:03:19,True
2024-01-17 22:06:34,True
2024-01-17 22:10:47,True
2024-01-17 22:10:54,True
2024-01-17 22:14:20,True
2024-01-17 22:17:12,True
2024-01-17 22:19:41,True
2024-01-17 22:20:58,True
2024-01-17 22:23:23,True
2024-01-17 22:26:11,True
2024-01-17 22:29:19,True
2024-01-17 22:31:00,True
2024-01-17 22:34:29,True
2024-01-17 22:35:46,True
2024-01-17 22:36:06,True
2024-01-17 22:38:23,True
2024-01-17 22:38:55,True
2024-01-17 22:40:31,True
2024-01-17 22:45:06,True
2024-01-17 22:46:31,True
2024-01-17 22:46:50,True
2024-01-17 22:48:33,True
2024-01-17 22:56:17,True
2024-01-17 22:57:35,True
2024-01-17 22:57:56,True
2024-01-17 22:58:04,True
2024-01-17 23:01:11,True
2024-01-17 23:04:39,True
2024-01-17 23:06:00,True
2024-01-17 23:06:30,True
2024-01-17 23:08:02,True
2024-01-17 23:13:45,True
2024-01-17 23:21:45,True
2024-01-17 23:22:11,True
2024-01-17 23:24:01,True
2024-01-17 23:25:50,True
2024-01-17 23:27:31,True
2024-01-17 23:32:36,True
2024-01-17 23:34:16,True
2024-01-17 23:35:23,True
2024-01-17 23:36:36,True
2024-01-17 23:36:59,True
2024-01-17 23:43:58,True
2024-01-17 23:48:21,True
2024-01-17 23:50:01,True
2024-01-17 23:53:58,True
2024-01-17 23:55:09,True
2024-01-17 23:58:48,True
2024-01-18 00:00:44,True
2024-01-18 00:01:53,True
2024-01-18 00:02:18,True
2024-01-18 00:05:53,True
2024-01-18 00:06:17,True
2024-01-18 00:06:53,True
2024-01-18 00:15:08,True
2024-01-18 00:17:35,True
2024-01-18 00:18:13,True
2024-01-18 00:19:08,True
2024-01-18 00:22:26,True
2024-01-18 00:26:35,True
2024-01-18 00:30:18,True
2024-01-18 00:30:39,True
2024-01-18 00:37:46,True
2024-01-18 00:41:25,True
2024-01-18 00:43:11,True
2024-01-18 00:44:18,True
2024-01-18 00:56:37,True
2024-01-18 01:00:50,True
2024-01-18 01:06:45,True
2024-01-18 01:13:20,True
2024-01-18 01:13:23,True
2024-01-18 01:13:36,True
2024-01-18 01:14:20,True
2024-01-18 01:19:42,True
2024-01-18 01:20:55,True
2024-01-18 01:21:54,True
2024-01-18 01:23:02,True
2024-01-18 01:23:14,True
2024-01-18 01:26:57,True
2024-01-18 01:35:46,True
2024-01-18 01:38:27,True
2024-01-18 01:40:26,True
2024-01-18 01:42:15,True
2024-01-18 01:44:50,True
2024-01-18 01:45:00,True
2024-01-18 01:46:16,True
2024-01-18 01:47:08,True
2024-01-18 01:47:35,True
2024-01-18 01:48:24,True
2024-01-18 01:49:05,True
2024-01-18 01:50:49,True
2024-01-18 01:54:19,True
2024-01-18 01:54:54,True
2024-01-18 01:55:37,True
2024-01-18 01:55:39,True
2024-01-18 02:04:18,True
2024-01-18 02:06:27,True
2024-01-18 02:08:19,True
2024-01-18 02:14:31,True
2024-01-18 02:17:26,True
2024-01-18 02:17:47,True
2024-01-18 02:18:08,True
2024-01-18 02:18:33,True
2024-01-18 02:18:34,True
2024-01-18 02:23:28,True
2024-01-18 02:28:32,True
2024-01-18 02:31:27,True
2024-01-18 02:32:04,True
2024-01-18 02:33:55,True
2024-01-18 02:39:30,True
2024-01-18 02:45:41,True
2024-01-18 02:46:52,True
2024-01-18 02:48:29,True
2024-01-18 02:49:42,True
2024-01-18 02:53:24,True
2024-01-18 02:55:17,True
2024-01-18 02:55:35,True
2024-01-18 02:55:57,True
2024-01-18 02:58:27,True
2024-01-18 03:00:50,True
2024-01-18 03:02:14,True
2024-01-18 03:05:18,True
2024-01-18 03:06:36,True
2024-01-18 03:09:27,True
2024-01-18 03:12:26,True
2024-01-18 03:13:12,True
2024-01-18 03:19:52,True
2024-01-18 03:20:55,True
2024-01-18 03:27:53,True
2024-01-18 03:29:26,True
2024-01-18 03:39:13,True
2024-01-18 03:39:16,True
2024-01-18 03:45:14,True
2024-01-18 03:46:12,True
2024-01-18 03:48:57,True
2024-01-18 03:55:07,True
2024-01-18 03:58:29,True
2024-01-18 03:58:45,True
2024-01-18 03:58:47,True
2024-01-18 03:59:23,True
2024-01-18 04:01:31,True
2024-01-18 04:02:52,True
2024-01-18 04:05:37,True
2024-01-18 04:05:50,True
2024-01-18 04:07:18,True
2024-01-18 04:08:55,True
2024-01-18 04:11:04,True
2024-01-18 04:12:16,True
2024-01-18 04:13:38,True
2024-01-18 04:14:28,True
2024-01-18 04:15:31,True
2024-01-18 04:16:45,True
2024-01-18 04:20:08,True
2024-01-18 04:24:36,True
2024-01-18 04:27:19,True
2024-01-18 04:29:25,True
2024-01-18 04:30:58,True
2024-01-18 04:31:41,True
2024-01-18 04:37:50,True
2024-01-18 04:38:31,True
2024-01-18 04:40:01,True
2024-01-18 04:41:30,True
2024-01-18 04:48:20,True
2024-01-18 04:50:26,True
2024-01-18 04:50:37,True
2024-01-18 04:54:15,True
2024-01-18 04:55:06,True
2024-01-18 04:57:11,True
2024-01-18 04:57:35,True
2024-01-18 05:02:58,True
2024-01-18 05:07:28,True
2024-01-18 05:08:07,True
2024-01-18 05:08:24,True
2024-01-18 05:10:47,True
2024-01-18 05:14:45,True
2024-01-18 05:15:40,True
2024-01-18 05:15:46,True
2024-01-18 05:17:32,True
2024-01-18 05:19:31,True
2024-01-18 05:27:20,True
2024-01-18 05:28:08,True
2024-01-18 05:34:56,True
2024-01-18 05:38:25,True
2024-01-18 05:42:31,True
2024-01-18 05:44:23,True
2024-01-18 05:51:51,True
2024-01-18 05:58:54,True
2024-01-18 05:59:28,True
2024-01-18 06:00:13,True
2024-01-18 06:03:33,True
2024-01-18 06:06:27,True
2024-01-18 06:07:35,True
2024-01-18 06:08:50,True
2024-01-18 06:16:45,True
2024-01-18 06:18:22,True
2024-01-18 06:18:32,True
2024-01-18 06:21:11,True
2024-01-18 06:31:55,True
2024-01-18 06:34:51,True
2024-01-18 06:37:32,True
2024-01-18 06:45:58,True
2024-01-18 06:51:09,True
2024-01-18 06:52:05,True
2024-01-18 06:52:38,True
2024-01-18 06:53:04,True
2024-01-18 06:55:46,True
2024-01-18 06:57:34,True
2024-01-18 06:58:50,True
2024-01-18 07:08:25,True
2024-01-18 07:08:49,True
2024-01-18 07:15:43,True
2024-01-18 07:17:40,True
2024-01-18 07:19:15,True
2024-01-18 07:20:36,True
2024-01-18 07:22:41,True
2024-01-18 07:24:38,True
2024-01-18 07:25:58,True
2024-01-18 07:29:29,True
2024-01-18 07:29:44,True
2024-01-18 07:32:02,True
2024-01-18 07:36:54,True
2024-01-18 07:38:10,True
2024-01-18 07:47:30,True
2024-01-18 07:47:48,True
2024-01-18 07:48:42,True
2024-01-18 07:49:21,True
2024-01-18 07:49:44,True
2024-01-18 07:50:23,True
2024-01-18 07:53:10,True
2024-01-18 07:56:20,True
2024-01-18 07:57:10,True
2024-01-18 07:59:33,True
2024-01-18 08:02:09,True
2024-01-18 08:09:09,True
2024-01-18 08:10:21,True
2024-01-18 08:11:58,True
2024-01-18 08:15:25,True
2024-01-18 08:15:42,True
2024-01-18 08:17:03,True
2024-01-18 08:20:18,True
2024-01-18 08:22:45,True
2024-01-18 08:23:09,True
2024-01-18 08:23:58,True
2024-01-18 08:29:44,True
2024-01-18 08:30:08,True
2024-01-18 08:31:17,True
2024-01-18 08:34:02,True
2024-01-18 08:35:54,True
2024-01-18 08:43:19,True
2024-01-18 08:52:36,True
2024-01-18 08:54:27,True
2024-01-18 08:56:44,True
2024-01-18 08:59:51,True
2024-01-18 09:01:46,True
2024-01-18 09:03:43,True
2024-01-18 09:05:03,True
2024-01-18 09:08:19,True
2024-01-18 09:09:01,True
2024-01-18 09:14:27,True
2024-01-18 09:15:42,True
2024-01-18 09:17:04,True
2024-01-18 09:20:40,True
2024-01-18 09:21:34,True
2024-01-18 09:25:12,True
2024-01-18 09:25:55,True
2024-01-18 09:29:30,True
2024-01-18 09:29:41,True
2024-01-18 09:29:57,True
2024-01-18 09:31:50,True
2024-01-18 09:32:58,True
2024-01-18 09:36:12,True
2024-01-18 09:38:49,True
2024-01-18 09:43:45,True
2024-01-18 09:47:12,True
2024-01-18 09:47:24,True
2024-01-18 09:47:57,True
2024-01-18 09:53:08,True
2024-01-18 09:54:22,True
2024-01-18 09:57:14,True
2024-01-18 09:57:29,True
2024-01-18 09:57:31,True
2024-01-18 09:58:09,True
2024-01-18 10:00:05,True
2024-01-18 10:00:57,True
2024-01-18 10:03:00,True
2024-01-18 10:05:06,True
2024-01-18 10:07:16,True
2024-01-18 10:09:37,True
2024-01-18 10:11:40,True
2024-01-18 10:11:56,True
2024-01-18 10:13:58,True
2024-01-18 10:16:13,True
2024-01-18 10:18:22,True
2024-01-18 10:20:32,True
2024-01-18 10:22:48,True
2024-01-18 10:25:02,True
2024-01-18 10:29:19,True
2024-01-18 10:30:30,True
2024-01-18 10:33:05,True
2024-01-18 10:33:39,True
2024-01-18 10:37:05,True
2024-01-18 10:39:43,True
2024-01-18 10:47:33,True
2024-01-18 10:50:35,True
2024-01-18 10:52:48,True
2024-01-18 10:53:18,True
2024-01-18 10:56:26,True
2024-01-18 10:57:43,True
2024-01-18 11:00:31,True
2024-01-18 11:00:53,True
2024-01-18 11:02:40,True
2024-01-18 11:10:12,True
2024-01-18 11:11:27,True
2024-01-18 11:13:29,True
2024-01-18 11:19:56,True
2024-01-18 11:24:05,True
2024-01-18 11:24:33,True
2024-01-18 11:24:43,True
2024-01-18 11:31:30,True
2024-01-18 11:32:40,True
2024-01-18 11:37:36,True
2024-01-18 11:39:46,True
2024-01-18 11:41:43,True
2024-01-18 11:44:58,True
2024-01-18 11:48:36,True
2024-01-18 11:49:07,True
2024-01-18 11:50:13,True
2024-01-18 11:51:47,True
2024-01-18 11:52:52,True
2024-01-18 11:54:01,True
2024-01-18 11:54:25,True
2024-01-18 12:01:11,True
2024-01-18 12:04:30,True
2024-01-18 12:07:10,True
2024-01-18 12:10:24,True
2024-01-18 12:13:20,True
2024-01-18 12:14:35,True
2024-01-18 12:16:48,True
2024-01-18 12:20:46,True
2024-01-18 12:32:36,True
2024-01-18 12:37:07,True
2024-01-18 12:37:18,True
2024-01-18 12:37:37,True
2024-01-18 12:38:34,True
2024-01-18 12:41:35,True
2024-01-18 12:43:25,True
2024-01-18 12:45:20,True
2024-01-18 12:50:40,True
2024-01-18 12:55:13,True
2024-01-18 13:05:58,True
2024-01-18 13:06:25,True
2024-01-18 13:07:00,True
2024-01-18 13:07:10,True
2024-01-18 13:11:38,True
2024-01-18 13:16:09,True
2024-01-18 13:18:54,True
2024-01-18 13:21:02,True
2024-01-18 13:29:53,True
2024-01-18 13:35:13,True
2024-01-18 13:35:56,True
2024-01-18 13:38:16,True
2024-01-18 13:38:24,True
2024-01-18 13:42:15,True
2024-01-18 13:44:49,True
2024-01-18 13:45:42,True
2024-01-18 13:47:27,True
2024-01-18 13:50:52,True
2024-01-18 13:51:16,True
2024-01-18 13:52:12,True
2024-01-18 13:55:06,True
2024-01-18 13:58:53,True
2024-01-18 14:01:41,True
2024-01-18 14:03:15,True
2024-01-18 14:06:25,True
2024-01-18 14:09:40,True
2024-01-18 14:19:08,True
2024-01-18 14:21:22,True
2024-01-18 14:31:32,True
2024-01-18 14:33:54,True
2024-01-18 14:34:20,True
2024-01-18 14:34:52,True
2024-01-18 14:39:20,True
2024-01-18 14:50:41,True
2024-01-18 14:57:06,True
2024-01-18 14:58:42,True
2024-01-18 15:06:52,True
2024-01-18 15:12:02,True
2024-01-18 15:13:52,True
2024-01-18 15:14:36,True
2024-01-18 15:20:55,True
2024-01-18 15:25:35,True
2024-01-18 15:29:14,True
2024-01-18 15:30:54,True
2024-01-18 15:31:04,True
2024-01-18 15:31:16,True
2024-01-18 15:33:04,True
2024-01-18 15:35:01,True
2024-01-18 15:35:54,True
2024-01-18 15:39:23,True
2024-01-18 15:47:11,True
2024-01-18 15:47:44,True
2024-01-18 15:49:31,True
2024-01-18 15:52:01,True
2024-01-18 15:56:46,True
2024-01-18 16:02:20,True
2024-01-18 16:02:47,True
2024-01-18 16:04:20,True
2024-01-18 16:04:54,True
2024-01-18 16:07:27,True
2024-01-18 16:07:47,True
2024-01-18 16:11:26,True
2024-01-18 16:17:00,True
2024-01-18 16:18:06,True
2024-01-18 16:20:15,True
2024-01-18 16:20:24,True
2024-01-18 16:23:33,True
2024-01-18 16:24:32,True
2024-01-18 16:32:07,True
2024-01-18 16:33:59,True
2024-01-18 16:36:24,True
2024-01-18 16:38:40,True
2024-01-18 16:39:16,True
2024-01-18 16:39:50,True
2024-01-18 16:47:10,True
2024-01-18 16:52:20,True
2024-01-18 16:55:12,True
2024-01-18 16:57:13,True
2024-01-18 16:57:45,True
2024-01-18 17:00:56,True
2024-01-18 17:01:16,True
2024-01-18 17:05:29,True
2024-01-18 17:09:29,True
2024-01-18 17:10:57,True
2024-01-18 17:19:05,True
2024-01-18 17:23:14,True
2024-01-18 17:23:41,True
2024-01-18 17:24:17,True
2024-01-18 17:27:43,True
2024-01-18 17:31:01,True
2024-01-18 17:31:14,True
2024-01-18 17:33:01,True
2024-01-18 17:38:37,True
2024-01-18 17:39:00,True
2024-01-18 17:42:28,True
2024-01-18 17:42:29,True
2024-01-18 17:42:36,True
2024-01-18 17:42:40,True
2024-01-18 17:47:34,True
2024-01-18 17:48:09,True
2024-01-18 17:51:59,True
2024-01-18 17:56:23,True
2024-01-18 17:59:31,True
2024-01-18 18:02:05,True
2024-01-18 18:03:16,True
2024-01-18 18:03:42,True
2024-01-18 18:03:49,True
2024-01-18 18:04:33,True
2024-01-18 18:04:53,True
2024-01-18 18:05:20,True
2024-01-18 18:05:28,True
2024-01-18 18:05:50,True
2024-01-18 18:11:38,True
2024-01-18 18:13:46,True
2024-01-18 18:15:00,True
2024-01-18 18:23:27,True
2024-01-18 18:23:52,True
2024-01-18 18:25:34,True
2024-01-18 18:34:14,True
2024-01-18 18:36:57,True
2024-01-18 18:40:58,True
2024-01-18 18:40:59,True
2024-01-18 18:42:02,True
2024-01-18 18:45:39,True
2024-01-18 18:48:24,True
2024-01-18 18:57:33,True
2024-01-18 19:00:41,True
2024-01-18 19:03:17,True
2024-01-18 19:03:35,True
2024-01-18 19:06:43,True
2024-01-18 19:11:36,True
2024-01-18 19:11:46,True
2024-01-18 19:18:15,True
2024-01-18 19:19:03,True
2024-01-18 19:19:17,True
2024-01-18 19:19:54,True
2024-01-18 19:25:21,True
2024-01-18 19:26:22,True
2024-01-18 19:30:10,True
2024-01-18 19:30:58,True
2024-01-18 19:31:05,True
2024-01-18 19:35:29,True
2024-01-18 19:37:23,True
2024-01-18 19:37:24,True
2024-01-18 19:40:31,True
2024-01-18 19:40:41,True
2024-01-18 19:41:27,True
2024-01-18 19:41:57,True
2024-01-18 19:42:08,True
2024-01-18 19:42:40,True
2024-01-18 19:45:56,True
2024-01-18 19:47:40,True
2024-01-18 19:50:43,True
2024-01-18 19:51:37,True
2024-01-18 20:07:04,True
2024-01-18 20:10:14,True
2024-01-18 20:10:26,True
2024-01-18 20:10:42,True
2024-01-18 20:11:36,True
2024-01-18 20:13:42,True
2024-01-18 20:14:28,True
2024-01-18 20:19:24,True
2024-01-18 20:20:52,True
2024-01-18 20:28:04,True
2024-01-18 20:31:15,True
2024-01-18 20:34:36,True
2024-01-18 20:42:16,True
2024-01-18 20:48:47,True
2024-01-18 20:51:31,True
2024-01-18 20:57:05,True
2024-01-18 21:02:15,True
2024-01-18 21:08:55,True
2024-01-18 21:15:31,True
2024-01-18 21:17:17,True
2024-01-18 21:17:46,True
2024-01-18 21:20:29,True
2024-01-18 21:21:13,True
2024-01-18 21:22:32,True
2024-01-18 21:24:05,True
2024-01-18 21:26:01,True
2024-01-18 21:27:38,True
2024-01-18 21:29:07,True
2024-01-18 21:31:26,True
2024-01-18 21:31:38,True
2024-01-18 21:35:39,True
2024-01-18 21:36:09,True
2024-01-18 21:40:16,True
2024-01-18 21:40:25,True
2024-01-18 21:42:24,True
2024-01-18 21:42:47,True
2024-01-18 21:43:27,True
2024-01-18 21:47:26,True
2024-01-18 21:47:48,True
2024-01-18 21:49:54,True
2024-01-18 21:57:43,True
2024-01-18 22:02:52,True
2024-01-18 22:03:08,True
2024-01-18 22:11:27,True
2024-01-18 22:15:23,True
2024-01-18 22:15:45,True
2024-01-18 22:21:18,True
2024-01-18 22:30:35,True
2024-01-18 22:30:36,True
2024-01-18 22:31:54,True
2024-01-18 22:37:34,True
2024-01-18 22:37:42,True
2024-01-18 22:46:10,True
2024-01-18 22:49:20,True
2024-01-18 22:51:15,True
2024-01-18 22:51:57,True
2024-01-18 22:52:15,True
2024-01-18 22:56:10,True
2024-01-18 22:58:27,True
2024-01-18 22:59:17,True
2024-01-18 22:59:48,True
2024-01-18 23:01:13,True
2024-01-18 23:12:03,True
2024-01-18 23:16:42,True
2024-01-18 23:18:43,True
2024-01-18 23:22:11,True
2024-01-18 23:22:45,True
2024-01-18 23:24:54,True
2024-01-18 23:27:52,True
2024-01-18 23:40:48,True
2024-01-18 23:41:59,True
2024-01-18 23:42:20,True
2024-01-18 23:47:13,True
2024-01-18 23:47:16,True
2024-01-18 23:48:24,True
2024-01-18 23:52:35,True
2024-01-18 23:55:03,True
2024-01-18 23:56:49,True
2024-01-18 23:57:10,True
2024-01-18 23:57:33,True
2024-01-18 23:57:53,True
2024-01-19 00:02:36,True
2024-01-19 00:02:47,True
2024-01-19 00:04:16,True
2024-01-19 00:05:00,True
2024-01-19 00:12:52,True
2024-01-19 00:16:30,True
2024-01-19 00:20:53,True
2024-01-19 00:22:36,True
2024-01-19 00:23:03,True
2024-01-19 00:25:44,True
2024-01-19 00:25:57,True
2024-01-19 00:27:53,True
2024-01-19 00:28:33,True
2024-01-19 00:30:17,True
2024-01-19 00:30:29,True
2024-01-19 00:32:39,True
2024-01-19 00:32:41,True
2024-01-19 00:39:43,True
2024-01-19 00:41:24,True
2024-01-19 00:46:58,True
2024-01-19 00:53:29,True
2024-01-19 00:55:56,True
2024-01-19 00:56:54,True
2024-01-19 00:57:25,True
2024-01-19 01:00:19,True
2024-01-19 01:04:26,True
2024-01-19 01:05:25,True
2024-01-19 01:05:32,True
2024-01-19 01:12:11,True
2024-01-19 01:17:07,True
2024-01-19 01:18:22,True
2024-01-19 01:19:03,True
2024-01-19 01:21:29,True
2024-01-19 01:22:37,True
2024-01-19 01:22:58,True
2024-01-19 01:25:10,True
2024-01-19 01:28:56,True
2024-01-19 01:30:57,True
2024-01-19 01:31:06,True
2024-01-19 01:33:04,True
2024-01-19 01:35:57,True
2024-01-19 01:36:17,True
2024-01-19 01:36:48,True
2024-01-19 01:38:49,True
2024-01-19 01:45:39,True
2024-01-19 01:45:50,True
2024-01-19 01:51:46,True
2024-01-19 01:52:06,True
2024-01-19 01:58:55,True
2024-01-19 02:03:18,True
2024-01-19 02:03:46,True
2024-01-19 02:04:15,True
2024-01-19 02:11:56,True
2024-01-19 02:14:34,True
2024-01-19 02:15:35,True
2024-01-19 02:17:37,True
2024-01-19 02:22:46,True
2024-01-19 02:23:55,True
2024-01-19 02:24:49,True
2024-01-19 02:29:03,True
2024-01-19 02:29:58,True
2024-01-19 02:30:07,True
2024-01-19 02:33:36,True
2024-01-19 02:44:21,True
2024-01-19 02:48:22,True
2024-01-19 02:48:42,True
2024-01-19 02:49:10,True
2024-01-19 02:50:21,True
2024-01-19 02:54:10,True
2024-01-19 02:55:09,True
2024-01-19 02:55:42,True
2024-01-19 02:56:26,True
2024-01-19 02:57:03,True
2024-01-19 02:58:01,True
2024-01-19 03:02:44,True
2024-01-19 03:04:02,True
2024-01-19 03:08:58,True
2024-01-19 03:09:18,True
2024-01-19 03:15:56,True
2024-01-19 03:16:43,True
2024-01-19 03:20:57,True
2024-01-19 03:21:17,True
2024-01-19 03:28:59,True
2024-01-19 03:29:26,True
2024-01-19 03:32:51,True
2024-01-19 03:33:01,True
2024-01-19 03:33:04,True
2024-01-19 03:39:14,True
2024-01-19 03:39:25,True
2024-01-19 03:41:29,True
2024-01-19 03:42:21,True
2024-01-19 03:48:19,True
2024-01-19 03:48:37,True
2024-01-19 03:54:24,True
2024-01-19 03:58:04,True
2024-01-19 03:59:24,True
2024-01-19 04:02:22,True
2024-01-19 04:03:07,True
2024-01-19 04:03:21,True
2024-01-19 04:04:38,True
2024-01-19 04:13:03,True
2024-01-19 04:15:23,True
2024-01-19 04:16:59,True
2024-01-19 04:18:41,True
2024-01-19 04:21:41,True
2024-01-19 04:23:02,True
2024-01-19 04:24:13,True
2024-01-19 04:25:13,True
2024-01-19 04:29:00,True
2024-01-19 04:32:19,True
2024-01-19 04:34:17,True
2024-01-19 04:36:22,True
2024-01-19 04:36:41,True
2024-01-19 04:36:50,True
2024-01-19 04:43:12,True
2024-01-19 04:47:35,True
2024-01-19 04:49:12,True
2024-01-19 04:59:52,True
2024-01-19 05:00:02,True
2024-01-19 05:00:47,True
2024-01-19 05:02:32,True
2024-01-19 05:04:33,True
2024-01-19 05:08:03,True
2024-01-19 05:11:02,True
2024-01-19 05:12:58,True
2024-01-19 05:14:09,True
2024-01-19 05:18:14,True
2024-01-19 05:22:01,True
2024-01-19 05:24:33,True
2024-01-19 05:33:42,True
2024-01-19 05:33:49,True
2024-01-19 05:34:06,True
2024-01-19 05:36:26,True
2024-01-19 05:40:45,True
2024-01-19 05:42:03,True
2024-01-19 05:43:12,True
2024-01-19 05:46:23,True
2024-01-19 05:54:48,True
2024-01-19 05:56:28,True
2024-01-19 05:58:04,True
2024-01-19 05:58:56,True
2024-01-19 06:00:59,True
2024-01-19 06:01:11,True
2024-01-19 06:01:31,True
2024-01-19 06:02:22,True
2024-01-19 06:02:45,True
2024-01-19 06:03:26,True
2024-01-19 06:04:21,True
2024-01-19 06:05:53,True
2024-01-19 06:06:38,True
2024-01-19 06:10:03,True
2024-01-19 06:13:20,True
2024-01-19 06:18:08,True
2024-01-19 06:20:17,True
2024-01-19 06:25:26,True
2024-01-19 06:29:14,True
2024-01-19 06:35:35,True
2024-01-19 06:35:47,True
2024-01-19 06:40:50,True
2024-01-19 06:43:23,True
2024-01-19 06:50:10,True
2024-01-19 06:51:47,True
2024-01-19 06:54:51,True
2024-01-19 06:55:06,True
2024-01-19 07:01:52,True
2024-01-19 07:06:17,True
2024-01-19 07:10:04,True
2024-01-19 07:10:42,True
2024-01-19 07:12:32,True
2024-01-19 07:12:44,True
2024-01-19 07:13:20,True
2024-01-19 07:13:58,True
2024-01-19 07:23:04,True
2024-01-19 07:26:13,True
2024-01-19 07:29:28,True
2024-01-19 07:29:31,True
2024-01-19 07:30:21,True
2024-01-19 07:34:11,True
2024-01-19 07:35:37,True
2024-01-19 07:36:41,True
2024-01-19 07:40:48,True
2024-01-19 07:42:03,True
2024-01-19 07:43:44,True
2024-01-19 07:44:17,True
2024-01-19 07:45:13,True
2024-01-19 07:46:25,True
2024-01-19 07:49:17,True
2024-01-19 07:52:16,True
2024-01-19 07:57:46,True
2024-01-19 08:02:19,True
2024-01-19 08:02:48,True
2024-01-19 08:03:57,True
2024-01-19 08:09:45,True
2024-01-19 08:17:09,True
2024-01-19 08:18:10,True
2024-01-19 08:20:42,True
2024-01-19 08:21:29,True
2024-01-19 08:22:13,True
2024-01-19 08:25:01,True
2024-01-19 08:29:39,True
2024-01-19 08:32:22,True
2024-01-19 08:34:39,True
2024-01-19 08:35:11,True
2024-01-19 08:35:31,True
2024-01-19 08:36:12,True
2024-01-19 08:39:29,True
2024-01-19 08:42:15,True
2024-01-19 08:42:35,True
2024-01-19 08:43:05,True
2024-01-19 08:47:53,True
2024-01-19 08:49:55,True
2024-01-19 08:50:33,True
2024-01-19 08:50:45,True
2024-01-19 08:51:14,True
2024-01-19 08:51:35,True
2024-01-19 08:52:58,True
2024-01-19 08:53:45,True
2024-01-19 08:55:49,True
2024-01-19 08:58:33,True
2024-01-19 08:59:13,True
2024-01-19 09:02:24,True
2024-01-19 09:13:12,True
2024-01-19 09:15:47,True
2024-01-19 09:15:58,True
2024-01-19 09:18:02,True
2024-01-19 09:23:26,True
2024-01-19 09:24:20,True
2024-01-19 09:24:35,True
2024-01-19 09:29:31,True
2024-01-19 09:38:07,True
2024-01-19 09:41:37,True
2024-01-19 09:42:50,True
2024-01-19 09:43:29,True
2024-01-19 09:43:44,True
2024-01-19 09:46:03,True
2024-01-19 09:52:49,True
2024-01-19 09:55:06,True
2024-01-19 09:57:45,True
2024-01-19 10:13:03,True
2024-01-19 10:13:40,True
2024-01-19 10:18:47,True
2024-01-19 10:19:01,True
2024-01-19 10:20:09,True
2024-01-19 10:23:13,True
2024-01-19 10:25:24,True
2024-01-19 10:26:03,True
2024-01-19 10:29:53,True
2024-01-19 10:32:48,True
2024-01-19 10:34:33,True
2024-01-19 10:38:31,True
2024-01-19 10:39:35,True
2024-01-19 10:41:01,True
2024-01-19 10:42:00,True
2024-01-19 10:49:17,True
2024-01-19 10:52:09,True
2024-01-19 10:53:27,True
2024-01-19 10:54:43,True
2024-01-19 10:58:01,True
2024-01-19 11:00:02,True
2024-01-19 11:04:06,True
2024-01-19 11:05:36,True
2024-01-19 11:05:49,True
2024-01-19 11:09:19,True
2024-01-19 11:10:28,True
2024-01-19 11:12:23,True
2024-01-19 11:16:40,True
2024-01-19 11:17:33,True
2024-01-19 11:20:53,True
2024-01-19 11:22:21,True
2024-01-19 11:26:29,True
2024-01-19 11:27:30,True
2024-01-19 11:28:58,True
2024-01-19 11:37:20,True
2024-01-19 11:41:23,True
2024-01-19 11:47:31,True
2024-01-19 11:48:37,True
2024-01-19 11:49:36,True
2024-01-19 11:51:50,True
2024-01-19 11:52:25,True
2024-01-19 11:56:07,True
2024-01-19 12:00:28,True
2024-01-19 12:02:50,True
2024-01-19 12:04:20,True
2024-01-19 12:06:36,True
2024-01-19 12:12:36,True
2024-01-19 12:15:06,True
2024-01-19 12:18:36,True
2024-01-19 12:20:19,True
2024-01-19 12:22:02,True
2024-01-19 12:22:32,True
2024-01-19 12:25:28,True
2024-01-19 12:31:24,True
2024-01-19 12:32:37,True
2024-01-19 12:33:13,True
2024-01-19 12:35:53,True
2024-01-19 12:36:15,True
2024-01-19 12:38:38,True
2024-01-19 12:40:20,True
2024-01-19 12:41:33,True
2024-01-19 12:43:52,True
2024-01-19 12:50:54,True
2024-01-19 12:52:14,True
2024-01-19 12:54:21,True
2024-01-19 12:54:31,True
2024-01-19 12:57:20,True
2024-01-19 13:01:53,True
2024-01-19 13:02:47,True
2024-01-19 13:07:03,True
2024-01-19 13:11:25,True
2024-01-19 13:12:12,True
2024-01-19 13:16:13,True
2024-01-19 13:22:18,True
2024-01-19 13:23:16,True
2024-01-19 13:30:07,True
2024-01-19 13:37:08,True
2024-01-19 13:48:01,True
2024-01-19 13:48:58,True
2024-01-19 13:49:55,True
2024-01-19 13:51:21,True
2024-01-19 13:52:19,True
2024-01-19 13:57:17,True
2024-01-19 14:00:39,True
2024-01-19 14:10:41,True
2024-01-19 14:11:42,True
2024-01-19 14:16:03,True
2024-01-19 14:19:51,True
2024-01-19 14:25:43,True
2024-01-19 14:26:12,True
2024-01-19 14:28:23,True
2024-01-19 14:28:46,True
2024-01-19 14:32:00,True
2024-01-19 14:32:01,True
2024-01-19 14:32:40,True
2024-01-19 14:38:19,True
2024-01-19 14:38:34,True
2024-01-19 14:39:34,True
2024-01-19 14:39:49,True
2024-01-19 14:40:30,True
2024-01-19 14:42:53,True
2024-01-19 14:44:17,True
2024-01-19 14:45:12,True
2024-01-19 14:46:12,True
2024-01-19 14:48:14,True
2024-01-19 14:49:05,True
2024-01-19 14:49:57,True
2024-01-19 14:50:06,True
2024-01-19 14:53:56,True
2024-01-19 14:59:26,True
2024-01-19 15:02:19,True
2024-01-19 15:02:53,True
2024-01-19 15:04:29,True
2024-01-19 15:05:11,True
2024-01-19 15:10:07,True
2024-01-19 15:16:19,True
2024-01-19 15:20:02,True
2024-01-19 15:20:16,True
2024-01-19 15:21:26,True
2024-01-19 15:24:14,True
2024-01-19 15:25:36,True
2024-01-19 15:26:34,True
2024-01-19 15:27:19,True
2024-01-19 15:28:37,True
2024-01-19 15:29:12,True
2024-01-19 15:31:20,True
2024-01-19 15:33:26,True
2024-01-19 15:33:28,True
2024-01-19 15:38:41,True
2024-01-19 15:41:11,True
2024-01-19 15:44:45,True
2024-01-19 15:49:12,True
2024-01-19 15:53:01,True
2024-01-19 15:56:28,True
2024-01-19 15:59:10,True
2024-01-19 16:03:32,True
2024-01-19 16:05:15,True
2024-01-19 16:07:25,True
2024-01-19 16:12:56,True
2024-01-19 16:13:57,True
2024-01-19 16:13:59,True
2024-01-19 16:14:56,True
2024-01-19 16:17:24,True
2024-01-19 16:24:37,True
2024-01-19 16:31:03,True
2024-01-19 16:33:06,True
2024-01-19 16:34:00,True
2024-01-19 16:37:41,True
2024-01-19 16:41:14,True
2024-01-19 16:46:24,True
2024-01-19 16:47:50,True
2024-01-19 16:49:49,True
2024-01-19 16:53:15,True
2024-01-19 16:53:18,True
2024-01-19 16:54:08,True
2024-01-19 16:55:25,True
2024-01-19 16:57:25,True
2024-01-19 16:58:37,True
2024-01-19 17:10:17,True
2024-01-19 17:15:55,True
2024-01-19 17:16:03,True
2024-01-19 17:21:04,True
2024-01-19 17:21:17,True
2024-01-19 17:22:16,True
2024-01-19 17:22:30,True
2024-01-19 17:23:04,True
2024-01-19 17:24:17,True
2024-01-19 17:26:27,True
2024-01-19 17:29:22,True
2024-01-19 17:31:29,True
2024-01-19 17:37:08,True
2024-01-19 17:37:22,True
2024-01-19 17:40:36,True
2024-01-19 17:43:09,True
2024-01-19 17:46:03,True
2024-01-19 17:48:05,True
2024-01-19 17:49:33,True
2024-01-19 17:51:15,True
2024-01-19 17:54:16,True
2024-01-19 17:55:59,True
2024-01-19 18:00:26,True
2024-01-19 18:03:31,True
2024-01-19 18:08:57,True
2024-01-19 18:10:19,True
2024-01-19 18:11:19,True
2024-01-19 18:12:04,True
2024-01-19 18:13:20,True
2024-01-19 18:18:44,True
2024-01-19 18:20:31,True
2024-01-19 18:24:06,True
2024-01-19 18:26:01,True
2024-01-19 18:30:47,True
2024-01-19 18:31:46,True
2024-01-19 18:33:17,True
2024-01-19 18:34:43,True
2024-01-19 18:35:24,True
2024-01-19 18:57:06,True
2024-01-19 18:58:51,True
2024-01-19 19:01:08,True
2024-01-19 19:07:36,True
2024-01-19 19:09:24,True
2024-01-19 19:11:21,True
2024-01-19 19:12:02,True
2024-01-19 19:13:05,True
2024-01-19 19:16:46,True
2024-01-19 19:21:08,True
2024-01-19 19:21:48,True
2024-01-19 19:22:40,True
2024-01-19 19:23:42,True
2024-01-19 19:24:59,True
2024-01-19 19:27:02,True
2024-01-19 19:27:46,True
2024-01-19 19:27:53,True
2024-01-19 19:31:48,True
2024-01-19 19:32:11,True
2024-01-19 19:33:16,True
2024-01-19 19:36:00,True
2024-01-19 19:38:09,True
2024-01-19 19:38:56,True
2024-01-19 19:39:18,True
2024-01-19 19:45:23,True
2024-01-19 19:55:10,True
2024-01-19 19:58:48,True
2024-01-19 19:59:35,True
2024-01-19 20:01:40,True
2024-01-19 20:03:51,True
2024-01-19 20:04:35,True
2024-01-19 20:04:56,True
2024-01-19 20:07:47,True
2024-01-19 20:08:08,True
2024-01-19 20:08:41,True
2024-01-19 20:10:07,True
2024-01-19 20:14:17,True
2024-01-19 20:16:49,True
2024-01-19 20:18:18,True
2024-01-19 20:18:19,True
2024-01-19 20:23:20,True
2024-01-19 20:24:55,True
2024-01-19 20:26:34,True
2024-01-19 20:27:53,True
2024-01-19 20:28:01,True
2024-01-19 20:30:20,True
2024-01-19 20:31:28,True
2024-01-19 20:32:28,True
2024-01-19 20:36:44,True
2024-01-19 20:46:11,True
2024-01-19 20:46:46,True
2024-01-19 20:47:41,True
2024-01-19 20:47:42,True
2024-01-19 20:50:41,True
2024-01-19 20:54:23,True
2024-01-19 21:00:23,True
2024-01-19 21:02:14,True
2024-01-19 21:06:25,True
2024-01-19 21:07:27,True
2024-01-19 21:09:07,True
2024-01-19 21:10:25,True
2024-01-19 21:10:27,True
2024-01-19 21:11:37,True
2024-01-19 21:14:32,True
2024-01-19 21:14:48,True
2024-01-19 21:18:23,True
2024-01-19 21:20:00,True
2024-01-19 21:21:23,True
2024-01-19 21:26:15,True
2024-01-19 21:28:04,True
2024-01-19 21:33:24,True
2024-01-19 21:33:29,True
2024-01-19 21:37:32,True
2024-01-19 21:39:45,True
2024-01-19 21:41:08,True
2024-01-19 21:42:52,True
2024-01-19 21:43:41,True
2024-01-19 21:44:20,True
2024-01-19 21:49:52,True
2024-01-19 21:51:32,True
2024-01-19 21:52:39,True
2024-01-19 21:52:53,True
2024-01-19 21:53:36,True
2024-01-19 21:55:24,True
2024-01-19 21:57:16,True
2024-01-19 21:57:20,True
2024-01-19 22:00:49,True
2024-01-19 22:01:39,True
2024-01-19 22:10:29,True
2024-01-19 22:10:41,True
2024-01-19 22:14:32,True
2024-01-19 22:18:07,True
2024-01-19 22:18:33,True
2024-01-19 22:19:04,True
2024-01-19 22:24:52,True
2024-01-19 22:26:32,True
2024-01-19 22:32:49,True
2024-01-19 22:36:49,True
2024-01-19 22:37:57,True
2024-01-19 22:40:19,True
2024-01-19 22:40:58,True
2024-01-19 22:41:34,True
2024-01-19 22:44:36,True
2024-01-19 22:44:38,True
2024-01-19 22:48:37,True
2024-01-19 22:51:20,True
2024-01-19 22:54:34,True
2024-01-19 22:55:59,True
2024-01-19 22:56:04,True
2024-01-19 22:56:52,True
2024-01-19 23:04:58,True
2024-01-19 23:08:20,True
2024-01-19 23:09:58,True
2024-01-19 23:11:54,True
2024-01-19 23:15:21,True
2024-01-19 23:15:43,True
2024-01-19 23:16:39,True
2024-01-19 23:19:12,True
2024-01-19 23:19:37,True
2024-01-19 23:21:30,True
2024-01-19 23:24:19,True
2024-01-19 23:27:33,True
2024-01-19 23:32:20,True
2024-01-19 23:34:39,True
2024-01-19 23:36:22,True
2024-01-19 23:36:43,True
2024-01-19 23:39:14,True
2024-01-19 23:42:09,True
2024-01-19 23:44:37,True
2024-01-19 23:45:29,True
2024-01-19 23:52:40,True
2024-01-19 23:53:46,True
2024-01-19 23:56:52,True
2024-01-20 00:02:49,True
2024-01-20 00:03:58,True
2024-01-20 00:04:19,True
2024-01-20 00:04:33,True
2024-01-20 00:05:15,True
2024-01-20 00:11:41,True
2024-01-20 00:12:38,True
2024-01-20 00:16:06,True
2024-01-20 00:16:17,True
2024-01-20 00:17:54,True
2024-01-20 00:19:23,True
2024-01-20 00:29:27,True
2024-01-20 00:29:53,True
2024-01-20 00:44:57,True
2024-01-20 00:46:39,True
2024-01-20 00:48:51,True
2024-01-20 00:50:30,True
2024-01-20 00:50:36,True
2024-01-20 00:52:49,True
2024-01-20 00:57:35,True
2024-01-20 00:58:35,True
2024-01-20 01:00:53,True
2024-01-20 01:01:39,True
2024-01-20 01:02:11,True
2024-01-20 01:08:45,True
2024-01-20 01:11:03,True
2024-01-20 01:13:13,True
2024-01-20 01:16:31,True
2024-01-20 01:16:56,True
2024-01-20 01:20:02,True
2024-01-20 01:20:19,True
2024-01-20 01:21:51,True
2024-01-20 01:23:36,True
2024-01-20 01:24:29,True
2024-01-20 01:28:07,True
2024-01-20 01:29:27,True
2024-01-20 01:29:37,True
2024-01-20 01:30:43,True
2024-01-20 01:32:14,True
2024-01-20 01:35:11,True
2024-01-20 01:36:02,True
2024-01-20 01:37:03,True
2024-01-20 01:37:59,True
2024-01-20 01:40:59,True
2024-01-20 01:41:08,True
2024-01-20 01:41:42,True
2024-01-20 02:05:12,True
2024-01-20 02:06:38,True
2024-01-20 02:07:51,True
2024-01-20 02:07:59,True
2024-01-20 02:09:32,True
2024-01-20 02:10:36,True
2024-01-20 02:10:59,True
2024-01-20 02:11:06,True
2024-01-20 02:14:32,True
2024-01-20 02:14:42,True
2024-01-20 02:15:50,True
2024-01-20 02:16:33,True
2024-01-20 02:17:22,True
2024-01-20 02:17:59,True
2024-01-20 02:19:34,True
2024-01-20 02:20:25,True
2024-01-20 02:23:56,True
2024-01-20 02:25:06,True
2024-01-20 02:26:00,True
2024-01-20 02:29:34,True
2024-01-20 02:31:57,True
2024-01-20 02:37:34,True
2024-01-20 02:39:48,True
2024-01-20 02:41:48,True
2024-01-20 02:42:22,True
2024-01-20 02:43:46,True
2024-01-20 02:44:05,True
2024-01-20 02:44:47,True
2024-01-20 02:47:03,True
2024-01-20 02:55:44,True
2024-01-20 02:59:16,True
2024-01-20 03:00:23,True
2024-01-20 03:02:01,True
2024-01-20 03:02:59,True
2024-01-20 03:09:04,True
2024-01-20 03:11:53,True
2024-01-20 03:13:20,True
2024-01-20 03:13:23,True
2024-01-20 03:18:16,True
2024-01-20 03:19:19,True
2024-01-20 03:26:34,True
2024-01-20 03:27:32,True
2024-01-20 03:34:08,True
2024-01-20 03:34:18,True
2024-01-20 03:35:12,True
2024-01-20 03:40:01,True
2024-01-20 03:42:20,True
2024-01-20 03:46:15,True
2024-01-20 03:47:27,True
2024-01-20 03:48:01,True
2024-01-20 03:52:15,True
2024-01-20 03:54:31,True
2024-01-20 03:56:51,True
2024-01-20 03:57:29,True
2024-01-20 03:58:19,True
2024-01-20 03:59:36,True
2024-01-20 03:59:49,True
2024-01-20 04:00:53,True
2024-01-20 04:06:18,True
2024-01-20 04:10:49,True
2024-01-20 04:11:31,True
2024-01-20 04:12:26,True
2024-01-20 04:12:52,True
2024-01-20 04:18:28,True
2024-01-20 04:19:55,True
2024-01-20 04:20:28,True
2024-01-20 04:21:54,True
2024-01-20 04:22:33,True
2024-01-20 04:28:38,True
2024-01-20 04:30:23,True
2024-01-20 04:31:24,True
2024-01-20 04:37:25,True
2024-01-20 04:48:35,True
2024-01-20 04:48:39,True
2024-01-20 04:50:14,True
2024-01-20 04:59:13,True
2024-01-20 05:01:32,True
2024-01-20 05:04:12,True
2024-01-20 05:05:21,True
2024-01-20 05:07:43,True
2024-01-20 05:08:34,True
2024-01-20 05:08:43,True
2024-01-20 05:13:29,True
2024-01-20 05:21:25,True
2024-01-20 05:29:44,True
2024-01-20 05:35:36,True
2024-01-20 05:35:38,True
2024-01-20 05:36:03,True
2024-01-20 05:36:20,True
2024-01-20 05:41:57,True
2024-01-20 05:44:39,True
2024-01-20 05:45:46,True
2024-01-20 05:49:16,True
2024-01-20 05:50:59,True
2024-01-20 05:51:02,True
2024-01-20 06:01:13,True
2024-01-20 06:05:32,True
2024-01-20 06:05:41,True
2024-01-20 06:06:50,True
2024-01-20 06:07:34,True
2024-01-20 06:10:17,True
2024-01-20 06:15:09,True
2024-01-20 06:16:00,True
2024-01-20 06:22:45,True
2024-01-20 06:24:30,True
2024-01-20 06:26:04,True
2024-01-20 06:26:29,True
2024-01-20 06:30:17,True
2024-01-20 06:32:12,True
2024-01-20 06:33:11,True
2024-01-20 06:33:59,True
2024-01-20 06:37:06,True
2024-01-20 06:37:12,True
2024-01-20 06:37:22,True
2024-01-20 06:45:02,True
2024-01-20 06:45:34,True
2024-01-20 06:46:42,True
2024-01-20 07:00:52,True
2024-01-20 07:03:12,True
2024-01-20 07:03:33,True
2024-01-20 07:05:51,True
2024-01-20 07:13:56,True
2024-01-20 07:21:59,True
2024-01-20 07:26:20,True
2024-01-20 07:30:05,True
2024-01-20 07:31:05,True
2024-01-20 07:31:52,True
2024-01-20 07:33:18,True
2024-01-20 07:39:11,True
2024-01-20 07:42:46,True
2024-01-20 07:45:59,True
2024-01-20 07:46:03,True
2024-01-20 07:49:36,True
2024-01-20 07:50:16,True
2024-01-20 07:50:35,True
2024-01-20 07:55:29,True
2024-01-20 07:57:35,True
2024-01-20 08:01:27,True
2024-01-20 08:04:22,True
2024-01-20 08:06:06,True
2024-01-20 08:06:48,True
2024-01-20 08:08:44,True
2024-01-20 08:13:46,True
2024-01-20 08:14:33,True
2024-01-20 08:15:50,True
2024-01-20 08:20:48,True
2024-01-20 08:22:31,True
2024-01-20 08:22:50,True
2024-01-20 08:23:50,True
2024-01-20 08:28:48,True
2024-01-20 08:28:52,True
2024-01-20 08:29:54,True
2024-01-20 08:30:45,True
2024-01-20 08:36:16,True
2024-01-20 08:41:32,True
2024-01-20 08:42:16,True
2024-01-20 08:43:25,True
2024-01-20 08:44:03,True
2024-01-20 08:44:22,True
2024-01-20 08:46:09,True
2024-01-20 08:47:25,True
2024-01-20 08:48:57,True
2024-01-20 08:51:15,True
2024-01-20 08:51:41,True
2024-01-20 08:51:49,True
2024-01-20 08:52:12,True
2024-01-20 08:52:26,True
2024-01-20 09:01:07,True
2024-01-20 09:07:49,True
2024-01-20 09:10:26,True
2024-01-20 09:12:21,True
2024-01-20 09:14:01,True
2024-01-20 09:14:16,True
2024-01-20 09:14:47,True
2024-01-20 09:18:43,True
2024-01-20 09:19:51,True
2024-01-20 09:26:30,True
2024-01-20 09:26:44,True
2024-01-20 09:35:26,True
2024-01-20 09:38:59,True
2024-01-20 09:41:18,True
2024-01-20 09:42:09,True
2024-01-20 09:42:42,True
2024-01-20 09:43:32,True
2024-01-20 09:45:31,True
2024-01-20 09:50:12,True
2024-01-20 09:51:56,True
2024-01-20 09:52:04,True
2024-01-20 09:57:34,True
2024-01-20 09:57:43,True
2024-01-20 10:02:21,True
2024-01-20 10:04:06,True
2024-01-20 10:04:36,True
2024-01-20 10:05:14,True
2024-01-20 10:08:15,True
2024-01-20 10:14:35,True
2024-01-20 10:14:38,True
2024-01-20 10:15:06,True
2024-01-20 10:18:32,True
2024-01-20 10:25:00,True
2024-01-20 10:26:00,True
2024-01-20 10:31:00,True
2024-01-20 10:31:39,True
2024-01-20 10:33:27,True
2024-01-20 10:34:15,True
2024-01-20 10:37:32,True
2024-01-20 10:38:29,True
2024-01-20 10:38:43,True
2024-01-20 10:39:57,True
2024-01-20 10:40:59,True
2024-01-20 10:46:11,True
2024-01-20 10:47:05,True
2024-01-20 10:48:45,True
2024-01-20 10:52:34,True
2024-01-20 10:54:51,True
2024-01-20 11:03:10,True
2024-01-20 11:03:17,True
2024-01-20 11:04:45,True
2024-01-20 11:08:21,True
2024-01-20 11:14:37,True
2024-01-20 11:18:28,True
2024-01-20 11:24:41,True
2024-01-20 11:32:22,True
2024-01-20 11:33:14,True
2024-01-20 11:35:08,True
2024-01-20 11:36:31,True
2024-01-20 11:45:31,True
2024-01-20 11:46:00,True
2024-01-20 11:56:25,True
2024-01-20 12:01:17,True
2024-01-20 12:05:25,True
2024-01-20 12:05:30,True
2024-01-20 12:05:36,True
2024-01-20 12:07:06,True
2024-01-20 12:15:17,True
2024-01-20 12:15:48,True
2024-01-20 12:18:22,True
2024-01-20 12:27:28,True
2024-01-20 12:29:26,True
2024-01-20 12:30:23,True
2024-01-20 12:31:00,True
2024-01-20 12:32:28,True
2024-01-20 12:33:33,True
2024-01-20 12:33:46,True
2024-01-20 12:36:41,True
2024-01-20 12:40:46,True
2024-01-20 12:41:49,True
2024-01-20 12:42:44,True
2024-01-20 12:48:15,True
2024-01-20 12:57:11,True
2024-01-20 12:58:41,True
2024-01-20 13:03:13,True
2024-01-20 13:04:18,True
2024-01-20 13:08:01,True
2024-01-20 13:08:40,True
2024-01-20 13:11:42,True
2024-01-20 13:11:50,True
2024-01-20 13:22:14,True
2024-01-20 13:25:42,True
2024-01-20 13:27:09,True
2024-01-20 13:28:37,True
2024-01-20 13:29:37,True
2024-01-20 13:29:46,True
2024-01-20 13:31:04,True
2024-01-20 13:34:24,True
2024-01-20 13:35:33,True
2024-01-20 13:38:37,True
2024-01-20 13:39:56,True
2024-01-20 13:40:45,True
2024-01-20 13:48:03,True
2024-01-20 13:57:56,True
2024-01-20 13:58:30,True
2024-01-20 14:01:56,True
2024-01-20 14:02:13,True
2024-01-20 14:03:48,True
2024-01-20 14:04:08,True
2024-01-20 14:04:17,True
2024-01-20 14:12:49,True
2024-01-20 14:23:19,True
2024-01-20 14:24:27,True
2024-01-20 14:40:01,True
2024-01-20 14:42:09,True
2024-01-20 14:43:34,True
2024-01-20 14:46:24,True
2024-01-20 14:47:26,True
2024-01-20 14:50:12,True
2024-01-20 14:50:46,True
2024-01-20 14:51:12,True
2024-01-20 14:58:35,True
2024-01-20 14:58:53,True
2024-01-20 15:00:20,True
2024-01-20 15:02:13,True
2024-01-20 15:06:14,True
2024-01-20 15:08:08,True
2024-01-20 15:10:05,True
2024-01-20 15:14:48,True
2024-01-20 15:15:11,True
2024-01-20 15:16:11,True
2024-01-20 15:22:57,True
2024-01-20 15:24:30,True
2024-01-20 15:26:10,True
2024-01-20 15:28:55,True
2024-01-20 15:35:13,True
2024-01-20 15:36:47,True
2024-01-20 15:41:33,True
2024-01-20 15:41:35,True
2024-01-20 15:54:10,True
2024-01-20 15:57:48,True
2024-01-20 15:59:13,True
2024-01-20 16:00:31,True
2024-01-20 16:02:44,True
2024-01-20 16:06:15,True
2024-01-20 16:09:36,True
2024-01-20 16:12:31,True
2024-01-20 16:15:36,True
2024-01-20 16:19:32,True
2024-01-20 16:20:07,True
2024-01-20 16:20:28,True
2024-01-20 16:24:13,True
2024-01-20 16:24:49,True
2024-01-20 16:28:24,True
2024-01-20 16:29:59,True
2024-01-20 16:32:39,True
2024-01-20 16:32:50,True
2024-01-20 16:33:26,True
2024-01-20 16:33:33,True
2024-01-20 16:34:44,True
2024-01-20 16:39:06,True
2024-01-20 16:43:30,True
2024-01-20 16:45:15,True
2024-01-20 16:45:38,True
2024-01-20 16:46:25,True
2024-01-20 16:47:51,True
2024-01-20 16:51:27,True
2024-01-20 16:53:29,True
2024-01-20 16:56:36,True
2024-01-20 16:59:29,True
2024-01-20 17:00:17,True
2024-01-20 17:00:33,True
2024-01-20 17:04:26,True
2024-01-20 17:06:34,True
2024-01-01 00:00:00,False
2024-01-02 00:00:00,False
2024-01-03 00:00:00,False
2024-01-04 00:00:00,False
2024-01-05 00:00:00,False
2024-01-06 00:00:00,False
2024-01-07 00:00:00,False
2024-01-08 00:00:00,False
2024-01-09 00:00:00,False
2024-01-10 00:00:00,False
2024-01-11 00:00:00,False
2024-01-12 00:00:00,False
2024-01-13 00:00:00,False
2024-01-14 00:00:00,False
2024-01-15 00:00:00,False
2024-01-16 00:00:00,False
2024-01-17 00:00:00,False
2024-01-18 00:00:00,False
2024-01-19 00:00:00,False
2024-01-20 00:00:00,False
2024-01-21 00:00:00,False
2024-01-22 00:00:00,False
2024-01-23 00:00:00,False
2024-01-24 00:00:00,False
2024-01-25 00:00:00,False
2024-01-26 00:00:00,False
2024-01-27 00:00:00,False
2024-01-28 00:00:00,False
2024-01-29 00:00:00,False
2024-01-30 00:00:00,False
2024-01-31 00:00:00,False
2024-02-01 00:00:00,False
2024-02-02 00:00:00,False
2024-02-03 00:00:00,False
2024-02-04 00:00:00,False
2024-02-05 00:00:00,False
2024-02-06 00:00:00,False
2024-02-07 00:00:00,False
2024-02-08 00:00:00,False
2024-02-09 00:00:00,False
2024-02-10 00:00:00,False
2024-02-11 00:00:00,False
2024-02-12 00:00:00,False
2024-02-13 00:00:00,False
2024-02-14 00:00:00,False
2024-02-15 00:00:00,False
2024-02-16 00:00:00,False
2024-02-17 00:00:00,False
2024-02-18 00:00:00,False
2024-02-19 00:00:00,False
2024-02-20 00:00:00,False
2024-02-21 00:00:00,False
2024-02-22 00:00:00,False
2024-02-23 00:00:00,False
2024-02-24 00:00:00,False
2024-02-25 00:00:00,False
2024-02-26 00:00:00,False
2024-02-27 00:00:00,False
2024-02-28 00:00:00,False
2024-02-29 00:00:00,False
2024-03-01 00:00:00,False
2024-03-02 00:00:00,False
2024-03-03 00:00:00,False
2024-03-04 00:00:00,False
2024-03-05 00:00:00,False
2024-03-06 00:00:00,False
2024-03-07 00:00:00,False
2024-03-08 00:00:00,False
2024-03-09 00:00:00,False
2024-03-10 00:00:00,False
2024-03-11 00:00:00,False
2024-03-12 00:00:00,False
2024-03-13 00:00:00,False
2024-03-14 00:00:00,False
2024-03-15 00:00:00,False
2024-03-16 00:00:00,False
2024-03-17 00:00:00,False
2024-03-18 00:00:00,False
2024-03-19 00:00:00,False
2024-03-20 00:00:00,False
2024-03-21 00:00:00,False
2024-03-22 00:00:00,False
2024-03-23 00:00:00,False
2024-03-24 00:00:00,False
2024-03-25 00:00:00,False
2024-03-26 00:00:00,False
2024-03-27 00:00:00,False
2024-03-28 00:00:00,False
2024-03-29 00:00:00,False
2024-03-30 00:00:00,False
2024-03-31 00:00:00,False
2024-04-01 00:00:00,False
2024-04-02 00:00:00,False
2024-04-03 00:00:00,False
2024-04-04 00:00:00,False
2024-04-05 00:00:00,False
2024-04-06 00:00:00,False
2024-04-07 00:00:00,False
2024-04-08 00:00:00,False
2024-04-09 00:00:00,False
2024-04-10 00:00:00,False
2024-04-11 00:00:00,False
2024-04-12 00:00:00,False
2024-04-13 00:00:00,False
2024-04-14 00:00:00,False
2024-04-15 00:00:00,False
2024-04-16 00:00:00,False
2024-04-17 00:00:00,False
2024-04-18 00:00:00,False
2024-04-19 00:00:00,False
2024-04-20 00:00:00,False
2024-04-21 00:00:00,False
2024-04-22 00:00:00,False
2024-04-23 00:00:00,False
2024-04-24 00:00:00,False
2024-04-25 00:00:00,False
2024-04-26 00:00:00,False
2024-04-27 00:00:00,False
2024-04-28 00:00:00,False
2024-04-29 00:00:00,False
2024-04-30 00:00:00,False
2024-05-01 00:00:00,False
2024-05-02 00:00:00,False
2024-05-03 00:00:00,False
2024-05-04 00:00:00,False
2024-05-05 00:00:00,False
2024-05-06 00:00:00,False
2024-05-07 00:00:00,False
2024-05-08 00:00:00,False
2024-05-09 00:00:00,False
2024-05-10 00:00:00,False
2024-05-11 00:00:00,False
2024-05-12 00:00:00,False
2024-05-13 00:00:00,False
2024-05-14 00:00:00,False
2024-05-15 00:00:00,False
2024-05-16 00:00:00,False
2024-05-17 00:00:00,False
2024-05-18 00:00:00,False
2024-05-19 00:00:00,False
2024-05-20 00:00:00,False
2024-05-21 00:00:00,False
2024-05-22 00:00:00,False
2024-05-23 00:00:00,False
2024-05-24 00:00:00,False
2024-05-25 00:00:00,False
2024-05-26 00:00:00,False
2024-05-27 00:00:00,False
2024-05-28 00:00:00,False
2024-05-29 00:00:00,False
2024-05-30 00:00:00,False
2024-05-31 00:00:00,False
2024-06-01 00:00:00,False
2024-06-02 00:00:00,False
2024-06-03 00:00:00,False
2024-06-04 00:00:00,False
2024-06-05 00:00:00,False
2024-06-06 00:00:00,False
2024-06-07 00:00:00,False
2024-06-08 00:00:00,False
2024-06-09 00:00:00,False
2024-06-10 00:00:00,False
2024-06-11 00:00:00,False
2024-06-12 00:00:00,False
2024-06-13 00:00:00,False
2024-06-14 00:00:00,False
2024-06-15 00:00:00,False
2024-06-16 00:00:00,False
2024-06-17 00:00:00,False
2024-06-18 00:00:00,False
2024-06-19 00:00:00,False
2024-06-20 00:00:00,False
2024-06-21 00:00:00,False
2024-06-22 00:00:00,False
2024-06-23 00:00:00,False
2024-06-24 00:00:00,False
2024-06-25 00:00:00,False
2024-06-26 00:00:00,False
2024-06-27 00:00:00,False
2024-06-28 00:00:00,False
2024-06-29 00:00:00,False
2024-06-30 00:00:00,False
2024-07-01 00:00:00,False
2024-07-02 00:00:00,False
2024-07-03 00:00:00,False
2024-07-04 00:00:00,False
2024-07-05 00:00:00,False
2024-07-06 00:00:00,False
2024-07-07 00:00:00,False
2024-07-08 00:00:00,False
2024-07-09 00:00:00,False
2024-07-10 00:00:00,False
2024-07-11 00:00:00,False
2024-07-12 00:00:00,False
2024-07-13 00:00:00,False
2024-07-14 00:00:00,False
2024-07-15 00:00:00,False
2024-07-16 00:00:00,False
2024-07-17 00:00:00,False
2024-07-18 00:00:00,False
2024-07-19 00:00:00,False
2024-07-20 00:00:00,False
2024-07-21 00:00:00,False
2024-07-22 00:00:00,False
2024-07-23 00:00:00,False
2024-07-24 00:00:00,False
2024-07-25 00:00:00,False
2024-07-26 00:00:00,False
2024-07-27 00:00:00,False
2024-07-28 00:00:00,False
2024-07-29 00:00:00,False
2024-07-30 00:00:00,False
2024-07-31 00:00:00,False
2024-08-01 00:00:00,False
2024-08-02 00:00:00,False
2024-08-03 00:00:00,False
2024-08-04 00:00:00,False
2024-08-05 00:00:00,False
2024-08-06 00:00:00,False
2024-08-07 00:00:00,False
2024-08-08 00:00:00,False
2024-08-09 00:00:00,False
2024-08-10 00:00:00,False
2024-08-11 00:00:00,False
2024-08-12 00:00:00,False
2024-08-13 00:00:00,False
2024-08-14 00:00:00,False
2024-08-15 00:00:00,False
2024-08-16 00:00:00,False
2024-08-17 00:00:00,False
2024-08-18 00:00:00,False
2024-08-19 00:00:00,False
2024-08-20 00:00:00,False
2024-08-21 00:00:00,False
2024-08-22 00:00:00,False
2024-08-23 00:00:00,False
2024-08-24 00:00:00,False
2024-08-25 00:00:00,False
2024-08-26 00:00:00,False
2024-08-27 00:00:00,False
2024-08-28 00:00:00,False
2024-08-29 00:00:00,False
2024-08-30 00:00:00,False
2024-08-31 00:00:00,False
2024-09-01 00:00:00,False
2024-09-02 00:00:00,False
2024-09-03 00:00:00,False
2024-09-04 00:00:00,False
2024-09-05 00:00:00,False
2024-09-06 00:00:00,False
2024-09-07 00:00:00,False
2024-09-08 00:00:00,False
2024-09-09 00:00:00,False
2024-09-10 00:00:00,False
2024-09-11 00:00:00,False
2024-09-12 00:00:00,False
2024-09-13 00:00:00,False
2024-09-14 00:00:00,False
2024-09-15 00:00:00,False
2024-09-16 00:00:00,False
2024-09-17 00:00:00,False
2024-09-18 00:00:00,False
2024-09-19 00:00:00,False
2024-09-20 00:00:00,False
2024-09-21 00:00:00,False
2024-09-22 00:00:00,False
2024-09-23 00:00:00,False
2024-09-24 00:00:00,False
2024-09-25 00:00:00,False
2024-09-26 00:00:00,False
2024-09-27 00:00:00,False
2024-09-28 00:00:00,False
2024-09-29 00:00:00,False
2024-09-30 00:00:00,False
2024-10-01 00:00:00,False
2024-10-02 00:00:00,False
2024-10-03 00:00:00,False
2024-10-04 00:00:00,False
2024-10-05 00:00:00,False
2024-10-06 00:00:00,False
2024-10-07 00:00:00,False
2024-10-08 00:00:00,False
2024-10-09 00:00:00,False
2024-10-10 00:00:00,False
2024-10-11 00:00:00,False
2024-10-12 00:00:00,False
2024-10-13 00:00:00,False
2024-10-14 00:00:00,False
2024-10-15 00:00:00,False
2024-10-16 00:00:00,False
2024-10-17 00:00:00,False
2024-10-18 00:00:00,False
2024-10-19 00:00:00,False
2024-10-20 00:00:00,False
2024-10-21 00:00:00,False
2024-10-22 00:00:00,False
2024-10-23 00:00:00,False
2024-10-24 00:00:00,False
2024-10-25 00:00:00,False
2024-10-26 00:00:00,False
2024-10-27 00:00:00,False
2024-10-28 00:00:00,False
2024-10-29 00:00:00,False
2024-10-30 00:00:00,False
2024-10-31 00:00:00,False
2024-11-01 00:00:00,False
2024-11-02 00:00:00,False
2024-11-03 00:00:00,False
2024-11-04 00:00:00,False
2024-11-05 00:00:00,False
2024-11-06 00:00:00,False
2024-11-07 00:00:00,False
2024-11-08 00:00:00,False
2024-11-09 00:00:00,False
2024-11-10 00:00:00,False
2024-11-11 00:00:00,False
2024-11-12 00:00:00,False
2024-11-13 00:00:00,False
2024-11-14 00:00:00,False
2024-11-15 00:00:00,False
2024-11-16 00:00:00,False
2024-11-17 00:00:00,False
2024-11-18 00:00:00,False
2024-11-19 00:00:00,False
2024-11-20 00:00:00,False
2024-11-21 00:00:00,False
2024-11-22 00:00:00,False
2024-11-23 00:00:00,False
2024-11-24 00:00:00,False
2024-11-25 00:00:00,False
2024-11-26 00:00:00,False
2024-11-27 00:00:00,False
2024-11-28 00:00:00,False
2024-11-29 00:00:00,False
2024-11-30 00:00:00,False
2024-12-01 00:00:00,False
2024-12-02 00:00:00,False
2024-12-03 00:00:00,False
2024-12-04 00:00:00,False
2024-12-05 00:00:00,False
2024-12-06 00:00:00,False
2024-12-07 00:00:00,False
2024-12-08 00:00:00,False
2024-12-09 00:00:00,False
2024-12-10 00:00:00,False
2024-12-11 00:00:00,False
2024-12-12 00:00:00,False
2024-12-13 00:00:00,False
2024-12-14 00:00:00,False
2024-12-15 00:00:00,False
2024-12-16 00:00:00,False
2024-12-17 00:00:00,False
2024-12-18 00:00:00,False
2024-12-19 00:00:00,False
2024-12-20 00:00:00,False
2024-12-21 00:00:00,False
2024-12-22 00:00:00,False
2024-12-23 00:00:00,False
2024-12-24 00:00:00,False
2024-12-25 00:00:00,False
2024-12-26 00:00:00,False
2024-12-27 00:00:00,False
2024-12-28 00:00:00,False
2024-12-29 00:00:00,False
2024-12-30 00:00:00,False
2024-12-31 00:00:00,False
